date,unit,domain,metric_primary,metric_secondary,threshold_primary,threshold_secondary,sample_size,confidence_interval,trend,records_analyzed
2025-01-01,BSB 1BCT,platform_engineering,75.09,94.59,70.0,75.0,219,0.97,STABLE,21378
2025-01-01,2-1 IN BN,platform_engineering,70.49,75.66,70.0,75.0,192,0.9,IMPROVING,42065
2025-01-01,3-1 FA BN,platform_engineering,59.56,89.81,70.0,75.0,438,0.9,DECLINING,38050
2025-01-01,BEB 1BCT,platform_engineering,78.22,74.05,70.0,75.0,351,0.93,STABLE,44756
2025-01-02,1-1 IN BN,platform_engineering,83.41,71.14,70.0,75.0,454,0.91,DECLINING,43593
2025-01-02,2-1 IN BN,platform_engineering,58.07,67.96,70.0,75.0,119,0.92,DECLINING,33154
2025-01-03,2-1 IN BN,platform_engineering,66.49,81.17,70.0,75.0,411,0.95,STABLE,4488
2025-01-03,1-1 IN BN,platform_engineering,92.88,78.59,70.0,75.0,82,0.92,STABLE,33239
2025-01-03,BSB 1BCT,platform_engineering,91.47,73.96,70.0,75.0,316,0.99,STABLE,33862
2025-01-04,1-1 IN BN,platform_engineering,69.44,86.96,70.0,75.0,459,0.98,STABLE,45287
2025-01-04,3-1 FA BN,platform_engineering,77.83,68.36,70.0,75.0,383,0.97,STABLE,31171
2025-01-04,2-1 IN BN,platform_engineering,59.59,79.84,70.0,75.0,51,0.9,STABLE,23106
2025-01-05,2-1 IN BN,platform_engineering,66.08,73.06,70.0,75.0,267,0.92,STABLE,40430
2025-01-05,BSB 1BCT,platform_engineering,72.24,100.92,70.0,75.0,164,0.91,IMPROVING,25093
2025-01-06,1-1 IN BN,platform_engineering,90.94,70.37,70.0,75.0,140,0.9,STABLE,10891
2025-01-06,3-1 FA BN,platform_engineering,90.54,86.37,70.0,75.0,270,0.94,STABLE,47881
2025-01-06,2-1 IN BN,platform_engineering,84.32,84.5,70.0,75.0,75,0.92,IMPROVING,42390
2025-01-06,BSB 1BCT,platform_engineering,61.05,75.3,70.0,75.0,320,0.93,DECLINING,2422
2025-01-06,BEB 1BCT,platform_engineering,79.13,72.27,70.0,75.0,371,0.91,IMPROVING,21748
2025-01-07,1-1 IN BN,platform_engineering,101.42,78.77,70.0,75.0,476,0.92,DECLINING,33814
2025-01-07,BEB 1BCT,platform_engineering,84.21,73.3,70.0,75.0,266,0.94,IMPROVING,13200
2025-01-07,3-1 FA BN,platform_engineering,85.91,70.53,70.0,75.0,404,0.96,STABLE,9444
2025-01-07,2-1 IN BN,platform_engineering,79.02,89.72,70.0,75.0,50,0.94,DECLINING,34122
2025-01-08,BSB 1BCT,platform_engineering,81.67,81.09,70.0,75.0,358,0.91,STABLE,23909
2025-01-08,1-1 IN BN,platform_engineering,52.83,83.88,70.0,75.0,448,0.98,STABLE,39035
2025-01-09,3-1 FA BN,platform_engineering,82.51,80.6,70.0,75.0,365,0.96,IMPROVING,8409
2025-01-09,1-1 IN BN,platform_engineering,77.67,74.72,70.0,75.0,307,0.97,IMPROVING,21454
2025-01-09,2-1 IN BN,platform_engineering,76.25,79.68,70.0,75.0,297,0.94,DECLINING,48156
2025-01-09,BSB 1BCT,platform_engineering,69.34,84.21,70.0,75.0,269,0.91,DECLINING,11036
2025-01-09,BEB 1BCT,platform_engineering,101.52,66.66,70.0,75.0,105,0.94,DECLINING,30869
2025-01-10,3-1 FA BN,platform_engineering,72.35,88.53,70.0,75.0,477,0.91,STABLE,17110
2025-01-10,2-1 IN BN,platform_engineering,80.41,82.06,70.0,75.0,194,0.92,IMPROVING,12771
2025-01-10,BSB 1BCT,platform_engineering,64.42,84.25,70.0,75.0,253,0.98,IMPROVING,15526
2025-01-10,1-1 IN BN,platform_engineering,76.54,83.24,70.0,75.0,261,0.99,STABLE,34435
2025-01-11,BSB 1BCT,platform_engineering,74.96,87.1,70.0,75.0,223,0.91,STABLE,10099
2025-01-11,2-1 IN BN,platform_engineering,89.15,72.61,70.0,75.0,257,0.96,STABLE,49980
2025-01-12,2-1 IN BN,platform_engineering,74.05,76.14,70.0,75.0,53,0.98,STABLE,45904
2025-01-12,BSB 1BCT,platform_engineering,88.44,75.32,70.0,75.0,71,0.94,IMPROVING,21919
2025-01-13,1-1 IN BN,platform_engineering,82.71,72.86,70.0,75.0,402,0.95,IMPROVING,16789
2025-01-13,BEB 1BCT,platform_engineering,60.86,90.7,70.0,75.0,344,0.97,DECLINING,16161
2025-01-13,BSB 1BCT,platform_engineering,98.88,81.68,70.0,75.0,189,0.95,DECLINING,39191
2025-01-13,3-1 FA BN,platform_engineering,65.42,59.97,70.0,75.0,495,0.98,STABLE,32003
2025-01-13,2-1 IN BN,platform_engineering,85.54,64.48,70.0,75.0,347,0.93,IMPROVING,8095
2025-01-14,1-1 IN BN,platform_engineering,83.1,90.87,70.0,75.0,261,0.97,STABLE,42161
2025-01-14,2-1 IN BN,platform_engineering,84.7,76.9,70.0,75.0,106,0.95,IMPROVING,48234
2025-01-14,BSB 1BCT,platform_engineering,79.43,80.65,70.0,75.0,446,0.96,IMPROVING,22167
2025-01-15,BEB 1BCT,platform_engineering,83.07,81.75,70.0,75.0,195,0.94,STABLE,48409
2025-01-15,1-1 IN BN,platform_engineering,75.46,102.45,70.0,75.0,153,0.97,IMPROVING,21690
2025-01-15,2-1 IN BN,platform_engineering,54.49,81.55,70.0,75.0,408,0.93,STABLE,46911
2025-01-15,BSB 1BCT,platform_engineering,75.63,79.56,70.0,75.0,469,0.95,STABLE,8832
2025-01-16,3-1 FA BN,platform_engineering,70.68,76.53,70.0,75.0,452,0.94,DECLINING,18665
2025-01-16,2-1 IN BN,platform_engineering,69.57,81.41,70.0,75.0,144,0.93,DECLINING,41789
2025-01-16,BSB 1BCT,platform_engineering,87.42,94.98,70.0,75.0,477,0.97,IMPROVING,42129
2025-01-16,BEB 1BCT,platform_engineering,83.42,68.03,70.0,75.0,97,0.94,DECLINING,25517
2025-01-16,1-1 IN BN,platform_engineering,70.79,82.61,70.0,75.0,243,0.95,STABLE,3412
2025-01-17,BEB 1BCT,platform_engineering,95.28,77.23,70.0,75.0,172,0.9,DECLINING,5534
2025-01-17,1-1 IN BN,platform_engineering,93.13,78.55,70.0,75.0,419,0.93,DECLINING,6502
2025-01-17,2-1 IN BN,platform_engineering,77.51,69.2,70.0,75.0,330,0.92,DECLINING,43628
2025-01-17,BSB 1BCT,platform_engineering,89.32,84.76,70.0,75.0,242,0.93,STABLE,2830
2025-01-18,3-1 FA BN,platform_engineering,68.88,66.21,70.0,75.0,201,0.98,STABLE,10780
2025-01-18,1-1 IN BN,platform_engineering,85.73,79.06,70.0,75.0,153,0.98,STABLE,31610
2025-01-18,2-1 IN BN,platform_engineering,88.95,81.26,70.0,75.0,245,0.98,IMPROVING,38784
2025-01-18,BEB 1BCT,platform_engineering,74.48,85.03,70.0,75.0,56,0.94,DECLINING,21993
2025-01-19,2-1 IN BN,platform_engineering,57.83,87.19,70.0,75.0,475,0.96,STABLE,49471
2025-01-19,BEB 1BCT,platform_engineering,76.85,77.34,70.0,75.0,337,0.94,IMPROVING,49464
2025-01-19,BSB 1BCT,platform_engineering,101.89,96.32,70.0,75.0,453,0.92,IMPROVING,39511
2025-01-19,1-1 IN BN,platform_engineering,65.53,71.39,70.0,75.0,482,0.95,DECLINING,5406
2025-01-19,3-1 FA BN,platform_engineering,72.84,77.92,70.0,75.0,496,0.92,IMPROVING,33741
2025-01-20,2-1 IN BN,platform_engineering,85.41,66.01,70.0,75.0,451,0.9,STABLE,44976
2025-01-20,1-1 IN BN,platform_engineering,69.53,77.73,70.0,75.0,247,0.95,IMPROVING,7893
2025-01-20,BEB 1BCT,platform_engineering,63.32,76.74,70.0,75.0,385,0.97,DECLINING,27295
2025-01-20,3-1 FA BN,platform_engineering,74.01,81.8,70.0,75.0,301,0.94,DECLINING,21836
2025-01-20,BSB 1BCT,platform_engineering,86.05,78.19,70.0,75.0,406,0.97,DECLINING,8344
2025-01-21,2-1 IN BN,platform_engineering,92.13,67.1,70.0,75.0,111,0.99,STABLE,27297
2025-01-21,1-1 IN BN,platform_engineering,76.7,98.29,70.0,75.0,476,0.95,DECLINING,44443
2025-01-21,BEB 1BCT,platform_engineering,65.54,81.64,70.0,75.0,321,0.97,DECLINING,12449
2025-01-22,1-1 IN BN,platform_engineering,85.59,85.54,70.0,75.0,186,0.98,DECLINING,35402
2025-01-22,BEB 1BCT,platform_engineering,63.27,84.56,70.0,75.0,235,0.95,DECLINING,9566
2025-01-22,2-1 IN BN,platform_engineering,73.33,70.78,70.0,75.0,304,0.92,STABLE,19491
2025-01-22,3-1 FA BN,platform_engineering,58.59,80.06,70.0,75.0,241,0.98,DECLINING,41825
2025-01-23,BEB 1BCT,platform_engineering,63.6,87.81,70.0,75.0,352,0.94,IMPROVING,12628
2025-01-23,3-1 FA BN,platform_engineering,62.78,91.11,70.0,75.0,481,0.91,IMPROVING,5035
2025-01-23,1-1 IN BN,platform_engineering,66.73,64.05,70.0,75.0,268,0.96,IMPROVING,10745
2025-01-23,BSB 1BCT,platform_engineering,64.74,86.3,70.0,75.0,345,0.91,STABLE,39356
2025-01-24,2-1 IN BN,platform_engineering,71.38,75.02,70.0,75.0,89,0.92,DECLINING,32351
2025-01-24,3-1 FA BN,platform_engineering,71.8,79.21,70.0,75.0,378,0.94,IMPROVING,34790
2025-01-24,1-1 IN BN,platform_engineering,80.7,67.74,70.0,75.0,294,0.93,IMPROVING,22589
2025-01-25,2-1 IN BN,platform_engineering,90.31,83.55,70.0,75.0,191,0.97,STABLE,17618
2025-01-25,BSB 1BCT,platform_engineering,68.88,80.51,70.0,75.0,145,0.95,STABLE,39724
2025-01-25,3-1 FA BN,platform_engineering,84.77,71.55,70.0,75.0,198,0.97,IMPROVING,30626
2025-01-25,1-1 IN BN,platform_engineering,78.9,101.41,70.0,75.0,459,0.91,DECLINING,15485
2025-01-26,BSB 1BCT,platform_engineering,64.17,79.51,70.0,75.0,54,0.97,DECLINING,43665
2025-01-26,BEB 1BCT,platform_engineering,71.77,92.6,70.0,75.0,482,0.94,DECLINING,43491
2025-01-27,3-1 FA BN,platform_engineering,93.0,77.35,70.0,75.0,303,0.97,DECLINING,6169
2025-01-27,BEB 1BCT,platform_engineering,67.17,81.39,70.0,75.0,114,0.96,IMPROVING,20779
2025-01-28,2-1 IN BN,platform_engineering,84.76,83.0,70.0,75.0,230,0.9,DECLINING,10222
2025-01-28,3-1 FA BN,platform_engineering,85.76,74.78,70.0,75.0,75,0.96,DECLINING,3270
2025-01-28,1-1 IN BN,platform_engineering,74.18,74.86,70.0,75.0,352,0.96,STABLE,30537
2025-01-28,BSB 1BCT,platform_engineering,51.95,60.53,70.0,75.0,145,0.98,STABLE,13915
2025-01-29,BEB 1BCT,platform_engineering,50.43,76.25,70.0,75.0,454,0.94,IMPROVING,35134
2025-01-29,1-1 IN BN,platform_engineering,64.66,78.36,70.0,75.0,254,0.95,STABLE,15931
2025-01-29,2-1 IN BN,platform_engineering,77.37,69.59,70.0,75.0,189,0.92,IMPROVING,4961
2025-01-30,1-1 IN BN,platform_engineering,83.43,87.33,70.0,75.0,433,0.95,STABLE,41778
2025-01-30,3-1 FA BN,platform_engineering,78.4,86.05,70.0,75.0,349,0.91,IMPROVING,7999
2025-01-31,BEB 1BCT,platform_engineering,53.34,67.85,70.0,75.0,378,0.91,IMPROVING,42134
2025-01-31,BSB 1BCT,platform_engineering,65.12,76.04,70.0,75.0,214,0.92,STABLE,33951
2025-02-01,1-1 IN BN,platform_engineering,68.59,88.39,70.0,75.0,487,0.92,STABLE,25211
2025-02-01,BEB 1BCT,platform_engineering,61.35,87.0,70.0,75.0,495,0.99,STABLE,19762
2025-02-02,BSB 1BCT,platform_engineering,80.34,73.72,70.0,75.0,215,0.93,IMPROVING,1212
2025-02-02,2-1 IN BN,platform_engineering,101.07,69.28,70.0,75.0,475,0.92,DECLINING,17427
2025-02-02,BEB 1BCT,platform_engineering,79.48,69.23,70.0,75.0,406,0.92,DECLINING,17381
2025-02-03,1-1 IN BN,platform_engineering,75.24,86.69,70.0,75.0,191,0.93,IMPROVING,41909
2025-02-03,BSB 1BCT,platform_engineering,95.29,73.2,70.0,75.0,182,0.94,IMPROVING,48234
2025-02-03,BEB 1BCT,platform_engineering,68.45,72.93,70.0,75.0,457,0.97,DECLINING,35438
2025-02-03,2-1 IN BN,platform_engineering,77.9,77.45,70.0,75.0,276,0.95,STABLE,8101
2025-02-04,2-1 IN BN,platform_engineering,61.77,70.32,70.0,75.0,428,0.92,IMPROVING,11843
2025-02-04,3-1 FA BN,platform_engineering,73.55,83.67,70.0,75.0,223,0.94,STABLE,34724
2025-02-04,1-1 IN BN,platform_engineering,90.85,82.83,70.0,75.0,273,0.92,IMPROVING,35654
2025-02-04,BSB 1BCT,platform_engineering,72.03,62.66,70.0,75.0,188,0.91,IMPROVING,45178
2025-02-04,BEB 1BCT,platform_engineering,78.91,87.54,70.0,75.0,424,0.97,IMPROVING,34940
2025-02-05,BEB 1BCT,platform_engineering,66.88,64.47,70.0,75.0,332,0.91,DECLINING,41148
2025-02-05,1-1 IN BN,platform_engineering,84.43,84.5,70.0,75.0,292,0.95,DECLINING,4902
2025-02-05,2-1 IN BN,platform_engineering,72.86,75.2,70.0,75.0,461,0.93,IMPROVING,12153
2025-02-05,3-1 FA BN,platform_engineering,88.66,85.44,70.0,75.0,109,0.96,IMPROVING,43625
2025-02-06,2-1 IN BN,platform_engineering,72.55,86.34,70.0,75.0,434,0.91,DECLINING,24712
2025-02-06,3-1 FA BN,platform_engineering,70.8,72.46,70.0,75.0,345,0.95,DECLINING,8929
2025-02-06,BSB 1BCT,platform_engineering,73.43,84.74,70.0,75.0,214,0.91,IMPROVING,11635
2025-02-06,1-1 IN BN,platform_engineering,76.29,78.2,70.0,75.0,280,0.93,IMPROVING,10971
2025-02-07,BEB 1BCT,platform_engineering,71.17,71.83,70.0,75.0,307,0.95,DECLINING,26624
2025-02-07,3-1 FA BN,platform_engineering,61.22,86.39,70.0,75.0,328,0.91,DECLINING,10625
2025-02-08,2-1 IN BN,platform_engineering,83.09,75.36,70.0,75.0,360,0.99,STABLE,21458
2025-02-08,1-1 IN BN,platform_engineering,92.78,76.68,70.0,75.0,345,0.91,STABLE,13542
2025-02-08,BSB 1BCT,platform_engineering,80.44,67.77,70.0,75.0,336,0.96,IMPROVING,7447
2025-02-08,BEB 1BCT,platform_engineering,80.27,88.99,70.0,75.0,120,0.92,STABLE,27387
2025-02-08,3-1 FA BN,platform_engineering,82.04,71.31,70.0,75.0,137,0.98,IMPROVING,19993
2025-02-09,BEB 1BCT,platform_engineering,94.06,77.81,70.0,75.0,125,0.98,DECLINING,17501
2025-02-09,3-1 FA BN,platform_engineering,52.38,91.77,70.0,75.0,294,0.98,DECLINING,16905
2025-02-09,BSB 1BCT,platform_engineering,82.04,79.97,70.0,75.0,121,0.93,STABLE,11415
2025-02-10,BEB 1BCT,platform_engineering,81.78,66.05,70.0,75.0,292,0.93,STABLE,9822
2025-02-10,BSB 1BCT,platform_engineering,60.73,71.17,70.0,75.0,383,0.99,DECLINING,44298
2025-02-10,2-1 IN BN,platform_engineering,62.46,74.69,70.0,75.0,377,0.96,STABLE,47421
2025-02-11,BSB 1BCT,platform_engineering,78.1,77.61,70.0,75.0,279,0.96,IMPROVING,20143
2025-02-11,3-1 FA BN,platform_engineering,77.15,77.82,70.0,75.0,173,0.97,DECLINING,3345
2025-02-11,1-1 IN BN,platform_engineering,83.54,74.82,70.0,75.0,87,0.9,DECLINING,40213
2025-02-11,2-1 IN BN,platform_engineering,71.92,70.9,70.0,75.0,124,0.93,STABLE,10015
2025-02-11,BEB 1BCT,platform_engineering,70.73,84.21,70.0,75.0,227,0.93,IMPROVING,29630
2025-02-12,BEB 1BCT,platform_engineering,87.81,79.9,70.0,75.0,420,0.99,DECLINING,47747
2025-02-12,2-1 IN BN,platform_engineering,76.53,90.07,70.0,75.0,408,0.92,DECLINING,44094
2025-02-12,BSB 1BCT,platform_engineering,87.1,86.13,70.0,75.0,457,0.98,DECLINING,13499
2025-02-13,2-1 IN BN,platform_engineering,40.87,83.15,70.0,75.0,70,0.92,DECLINING,16220
2025-02-13,BEB 1BCT,platform_engineering,59.07,94.19,70.0,75.0,445,0.96,IMPROVING,35148
2025-02-13,BSB 1BCT,platform_engineering,66.35,74.97,70.0,75.0,170,0.91,IMPROVING,48544
2025-02-13,3-1 FA BN,platform_engineering,60.88,84.69,70.0,75.0,145,0.96,DECLINING,13528
2025-02-13,1-1 IN BN,platform_engineering,70.65,86.29,70.0,75.0,289,0.96,STABLE,1448
2025-02-14,1-1 IN BN,platform_engineering,72.45,70.01,70.0,75.0,446,0.98,DECLINING,19517
2025-02-14,BSB 1BCT,platform_engineering,66.06,70.79,70.0,75.0,455,0.98,IMPROVING,23708
2025-02-14,2-1 IN BN,platform_engineering,61.32,82.58,70.0,75.0,410,0.99,IMPROVING,5632
2025-02-14,3-1 FA BN,platform_engineering,77.17,98.62,70.0,75.0,465,0.93,DECLINING,24488
2025-02-14,BEB 1BCT,platform_engineering,93.76,86.17,70.0,75.0,181,0.95,DECLINING,24527
2025-02-15,2-1 IN BN,platform_engineering,70.89,84.52,70.0,75.0,483,0.97,DECLINING,3265
2025-02-15,BEB 1BCT,platform_engineering,74.22,69.0,70.0,75.0,229,0.93,DECLINING,28097
2025-02-15,BSB 1BCT,platform_engineering,79.76,91.8,70.0,75.0,106,0.98,DECLINING,7520
2025-02-15,3-1 FA BN,platform_engineering,87.18,81.33,70.0,75.0,208,0.93,DECLINING,16099
2025-02-16,2-1 IN BN,platform_engineering,74.08,73.94,70.0,75.0,301,0.92,IMPROVING,10218
2025-02-16,BSB 1BCT,platform_engineering,75.52,84.28,70.0,75.0,493,0.96,DECLINING,31547
2025-02-16,BEB 1BCT,platform_engineering,95.44,65.19,70.0,75.0,413,0.92,DECLINING,12304
2025-02-16,1-1 IN BN,platform_engineering,79.69,94.62,70.0,75.0,107,0.91,IMPROVING,29924
2025-02-16,3-1 FA BN,platform_engineering,94.63,85.48,70.0,75.0,319,0.97,DECLINING,48545
2025-02-17,3-1 FA BN,platform_engineering,57.98,84.24,70.0,75.0,433,0.93,IMPROVING,8864
2025-02-17,BEB 1BCT,platform_engineering,81.43,82.04,70.0,75.0,433,0.93,DECLINING,28729
2025-02-17,BSB 1BCT,platform_engineering,75.87,95.76,70.0,75.0,468,0.92,IMPROVING,21041
2025-02-18,2-1 IN BN,platform_engineering,89.2,79.78,70.0,75.0,132,0.99,IMPROVING,29310
2025-02-18,1-1 IN BN,platform_engineering,73.78,72.83,70.0,75.0,347,0.98,DECLINING,2726
2025-02-18,BSB 1BCT,platform_engineering,96.7,82.45,70.0,75.0,322,0.91,IMPROVING,16955
2025-02-19,3-1 FA BN,platform_engineering,80.48,77.92,70.0,75.0,306,0.91,IMPROVING,47296
2025-02-19,BEB 1BCT,platform_engineering,74.73,90.02,70.0,75.0,279,0.9,DECLINING,18156
2025-02-19,BSB 1BCT,platform_engineering,79.25,79.51,70.0,75.0,374,0.95,DECLINING,30203
2025-02-19,1-1 IN BN,platform_engineering,64.31,71.21,70.0,75.0,144,0.97,STABLE,38216
2025-02-19,2-1 IN BN,platform_engineering,64.27,74.34,70.0,75.0,487,0.9,DECLINING,9412
2025-02-20,3-1 FA BN,platform_engineering,64.07,70.7,70.0,75.0,180,0.92,IMPROVING,21105
2025-02-20,2-1 IN BN,platform_engineering,73.08,83.53,70.0,75.0,260,0.93,IMPROVING,2363
2025-02-21,BSB 1BCT,platform_engineering,71.0,77.19,70.0,75.0,112,0.92,STABLE,22886
2025-02-21,1-1 IN BN,platform_engineering,87.81,77.81,70.0,75.0,205,0.91,DECLINING,31956
2025-02-21,BEB 1BCT,platform_engineering,77.67,51.2,70.0,75.0,400,0.96,DECLINING,16205
2025-02-21,3-1 FA BN,platform_engineering,65.74,75.7,70.0,75.0,436,0.98,DECLINING,31425
2025-02-22,1-1 IN BN,platform_engineering,76.34,76.93,70.0,75.0,317,0.97,DECLINING,37654
2025-02-22,BSB 1BCT,platform_engineering,89.22,76.31,70.0,75.0,416,0.95,STABLE,33185
2025-02-22,2-1 IN BN,platform_engineering,57.64,86.03,70.0,75.0,239,0.98,IMPROVING,33774
2025-02-23,BSB 1BCT,platform_engineering,59.66,77.85,70.0,75.0,364,0.94,DECLINING,11534
2025-02-23,1-1 IN BN,platform_engineering,88.78,82.46,70.0,75.0,165,0.9,STABLE,8661
2025-02-23,BEB 1BCT,platform_engineering,66.01,76.36,70.0,75.0,428,0.95,DECLINING,6537
2025-02-23,3-1 FA BN,platform_engineering,62.02,68.82,70.0,75.0,474,0.97,STABLE,8436
2025-02-23,2-1 IN BN,platform_engineering,50.06,75.89,70.0,75.0,65,0.94,DECLINING,44078
2025-02-24,3-1 FA BN,platform_engineering,90.47,69.86,70.0,75.0,311,0.93,IMPROVING,38272
2025-02-24,1-1 IN BN,platform_engineering,102.22,94.27,70.0,75.0,376,0.93,DECLINING,26644
2025-02-24,BSB 1BCT,platform_engineering,74.42,77.96,70.0,75.0,192,0.97,DECLINING,13531
2025-02-24,BEB 1BCT,platform_engineering,76.71,69.47,70.0,75.0,279,0.91,DECLINING,21722
2025-02-24,2-1 IN BN,platform_engineering,74.7,99.16,70.0,75.0,166,0.95,STABLE,30890
2025-02-25,2-1 IN BN,platform_engineering,72.84,59.46,70.0,75.0,88,0.97,IMPROVING,31057
2025-02-25,1-1 IN BN,platform_engineering,65.95,77.66,70.0,75.0,78,0.96,STABLE,24530
2025-02-26,3-1 FA BN,platform_engineering,72.0,98.7,70.0,75.0,484,0.9,DECLINING,47413
2025-02-26,2-1 IN BN,platform_engineering,64.69,75.42,70.0,75.0,289,0.96,DECLINING,35447
2025-02-26,BEB 1BCT,platform_engineering,54.0,76.59,70.0,75.0,498,0.91,DECLINING,48835
2025-02-26,BSB 1BCT,platform_engineering,96.31,96.2,70.0,75.0,104,0.97,IMPROVING,49514
2025-02-27,BSB 1BCT,platform_engineering,74.3,79.02,70.0,75.0,191,0.9,DECLINING,21339
2025-02-27,2-1 IN BN,platform_engineering,43.26,80.73,70.0,75.0,113,0.97,STABLE,27380
2025-02-28,BSB 1BCT,platform_engineering,67.71,71.34,70.0,75.0,57,0.98,STABLE,7211
2025-02-28,3-1 FA BN,platform_engineering,77.42,79.39,70.0,75.0,405,0.99,DECLINING,29018
2025-03-01,BSB 1BCT,platform_engineering,81.5,78.62,70.0,75.0,271,0.91,STABLE,20701
2025-03-01,1-1 IN BN,platform_engineering,88.67,61.76,70.0,75.0,80,0.96,DECLINING,36953
2025-03-01,3-1 FA BN,platform_engineering,70.73,81.7,70.0,75.0,462,0.9,IMPROVING,33904
2025-03-01,2-1 IN BN,platform_engineering,54.72,83.18,70.0,75.0,168,0.92,STABLE,31359
2025-03-01,BEB 1BCT,platform_engineering,78.06,67.88,70.0,75.0,387,0.93,IMPROVING,31381
2025-03-02,2-1 IN BN,platform_engineering,63.87,68.4,70.0,75.0,339,0.99,STABLE,44074
2025-03-02,3-1 FA BN,platform_engineering,87.67,73.2,70.0,75.0,465,0.96,IMPROVING,42883
2025-03-02,BEB 1BCT,platform_engineering,76.51,73.86,70.0,75.0,166,0.95,IMPROVING,31411
2025-03-03,BEB 1BCT,platform_engineering,74.47,81.66,70.0,75.0,487,0.95,IMPROVING,45570
2025-03-03,2-1 IN BN,platform_engineering,76.9,83.3,70.0,75.0,268,0.97,STABLE,17060
2025-03-03,BSB 1BCT,platform_engineering,78.3,82.52,70.0,75.0,185,0.98,DECLINING,25835
2025-03-03,3-1 FA BN,platform_engineering,77.17,76.69,70.0,75.0,453,0.91,STABLE,25065
2025-03-03,1-1 IN BN,platform_engineering,53.79,70.43,70.0,75.0,293,0.91,IMPROVING,18775
2025-03-04,BSB 1BCT,platform_engineering,74.08,75.41,70.0,75.0,245,0.97,STABLE,20399
2025-03-04,3-1 FA BN,platform_engineering,96.61,82.59,70.0,75.0,450,0.96,IMPROVING,25899
2025-03-04,1-1 IN BN,platform_engineering,78.4,82.67,70.0,75.0,382,0.96,IMPROVING,9091
2025-03-05,3-1 FA BN,platform_engineering,78.44,81.88,70.0,75.0,353,0.98,IMPROVING,42948
2025-03-05,BEB 1BCT,platform_engineering,82.61,85.94,70.0,75.0,300,0.91,DECLINING,27346
2025-03-06,1-1 IN BN,platform_engineering,80.16,76.39,70.0,75.0,395,0.93,IMPROVING,43384
2025-03-06,BEB 1BCT,platform_engineering,88.86,69.47,70.0,75.0,274,0.96,IMPROVING,24955
2025-03-06,2-1 IN BN,platform_engineering,81.23,70.62,70.0,75.0,392,0.91,STABLE,8859
2025-03-07,BSB 1BCT,platform_engineering,85.12,78.42,70.0,75.0,441,0.96,DECLINING,41049
2025-03-07,1-1 IN BN,platform_engineering,67.68,92.08,70.0,75.0,261,0.97,IMPROVING,35992
2025-03-08,3-1 FA BN,platform_engineering,78.36,53.01,70.0,75.0,212,0.95,IMPROVING,27311
2025-03-08,BEB 1BCT,platform_engineering,56.2,77.61,70.0,75.0,369,0.93,DECLINING,7977
2025-03-08,1-1 IN BN,platform_engineering,72.96,90.92,70.0,75.0,468,0.98,STABLE,3057
2025-03-08,2-1 IN BN,platform_engineering,78.2,84.76,70.0,75.0,149,0.93,STABLE,39873
2025-03-09,3-1 FA BN,platform_engineering,79.85,91.46,70.0,75.0,371,0.93,DECLINING,12232
2025-03-09,1-1 IN BN,platform_engineering,72.03,79.9,70.0,75.0,64,0.98,STABLE,21719
2025-03-09,BEB 1BCT,platform_engineering,88.5,82.65,70.0,75.0,390,0.95,DECLINING,45965
2025-03-10,2-1 IN BN,platform_engineering,68.88,85.05,70.0,75.0,409,0.94,STABLE,32616
2025-03-10,3-1 FA BN,platform_engineering,74.59,93.89,70.0,75.0,190,0.95,STABLE,39489
2025-03-10,BEB 1BCT,platform_engineering,75.3,86.84,70.0,75.0,194,0.97,IMPROVING,29492
2025-03-10,BSB 1BCT,platform_engineering,90.53,80.57,70.0,75.0,497,0.95,IMPROVING,26570
2025-03-10,1-1 IN BN,platform_engineering,71.22,88.16,70.0,75.0,429,0.96,STABLE,24921
2025-03-11,BSB 1BCT,platform_engineering,78.47,96.51,70.0,75.0,337,0.93,DECLINING,20022
2025-03-11,BEB 1BCT,platform_engineering,68.3,73.58,70.0,75.0,348,0.91,IMPROVING,2450
2025-03-11,3-1 FA BN,platform_engineering,81.93,75.98,70.0,75.0,289,0.91,STABLE,17599
2025-03-12,2-1 IN BN,platform_engineering,75.15,77.18,70.0,75.0,476,0.99,IMPROVING,10262
2025-03-12,BSB 1BCT,platform_engineering,85.85,68.97,70.0,75.0,289,0.9,DECLINING,10392
2025-03-12,1-1 IN BN,platform_engineering,69.82,82.61,70.0,75.0,392,0.98,IMPROVING,47311
2025-03-12,3-1 FA BN,platform_engineering,67.04,80.77,70.0,75.0,401,0.94,IMPROVING,15261
2025-03-13,3-1 FA BN,platform_engineering,84.09,68.15,70.0,75.0,404,0.97,STABLE,17156
2025-03-13,1-1 IN BN,platform_engineering,67.56,70.41,70.0,75.0,321,0.92,STABLE,11128
2025-03-13,BEB 1BCT,platform_engineering,59.83,82.6,70.0,75.0,129,0.96,IMPROVING,29008
2025-03-14,BSB 1BCT,platform_engineering,57.53,74.53,70.0,75.0,222,0.98,STABLE,40616
2025-03-14,3-1 FA BN,platform_engineering,66.91,63.86,70.0,75.0,414,0.96,STABLE,49040
2025-03-15,2-1 IN BN,platform_engineering,72.0,67.29,70.0,75.0,302,0.96,STABLE,45633
2025-03-15,BSB 1BCT,platform_engineering,72.56,68.38,70.0,75.0,123,0.94,IMPROVING,35674
2025-03-16,2-1 IN BN,platform_engineering,74.51,81.72,70.0,75.0,159,0.95,IMPROVING,26830
2025-03-16,BEB 1BCT,platform_engineering,92.27,66.52,70.0,75.0,293,0.93,STABLE,27781
2025-03-16,3-1 FA BN,platform_engineering,83.3,76.87,70.0,75.0,65,0.97,STABLE,3649
2025-03-17,BSB 1BCT,platform_engineering,80.82,82.79,70.0,75.0,243,0.92,IMPROVING,9045
2025-03-17,3-1 FA BN,platform_engineering,85.87,78.37,70.0,75.0,119,0.96,IMPROVING,35858
2025-03-17,BEB 1BCT,platform_engineering,73.6,75.34,70.0,75.0,294,0.97,STABLE,45510
2025-03-17,2-1 IN BN,platform_engineering,64.54,71.95,70.0,75.0,136,0.97,DECLINING,48065
2025-03-18,BSB 1BCT,platform_engineering,65.48,80.74,70.0,75.0,155,0.96,STABLE,46823
2025-03-18,BEB 1BCT,platform_engineering,72.52,97.5,70.0,75.0,167,0.97,STABLE,13682
2025-03-18,2-1 IN BN,platform_engineering,74.25,75.75,70.0,75.0,275,0.95,IMPROVING,40840
2025-03-19,BEB 1BCT,platform_engineering,81.32,81.11,70.0,75.0,50,0.94,IMPROVING,5437
2025-03-19,2-1 IN BN,platform_engineering,73.81,96.93,70.0,75.0,370,0.92,DECLINING,35204
2025-03-19,1-1 IN BN,platform_engineering,56.53,90.81,70.0,75.0,391,0.97,STABLE,15193
2025-03-19,BSB 1BCT,platform_engineering,78.18,77.87,70.0,75.0,232,0.94,IMPROVING,2726
2025-03-19,3-1 FA BN,platform_engineering,74.31,80.58,70.0,75.0,340,0.95,IMPROVING,37445
2025-03-20,2-1 IN BN,platform_engineering,66.86,80.81,70.0,75.0,169,0.94,IMPROVING,7910
2025-03-20,1-1 IN BN,platform_engineering,91.42,78.79,70.0,75.0,148,0.98,STABLE,6612
2025-03-20,3-1 FA BN,platform_engineering,74.28,70.36,70.0,75.0,76,0.98,IMPROVING,45850
2025-03-20,BEB 1BCT,platform_engineering,68.46,68.92,70.0,75.0,241,0.95,DECLINING,2756
2025-03-20,BSB 1BCT,platform_engineering,62.79,78.69,70.0,75.0,416,0.9,DECLINING,4853
2025-03-21,2-1 IN BN,platform_engineering,94.89,66.13,70.0,75.0,112,0.95,STABLE,23752
2025-03-21,BEB 1BCT,platform_engineering,81.88,89.75,70.0,75.0,379,0.96,DECLINING,28100
2025-03-21,1-1 IN BN,platform_engineering,75.89,75.8,70.0,75.0,157,0.91,STABLE,41676
2025-03-21,BSB 1BCT,platform_engineering,96.18,70.65,70.0,75.0,314,0.96,STABLE,8535
2025-03-21,3-1 FA BN,platform_engineering,62.37,82.15,70.0,75.0,367,0.9,IMPROVING,13885
2025-03-22,BEB 1BCT,platform_engineering,81.59,64.64,70.0,75.0,359,0.93,IMPROVING,31464
2025-03-22,1-1 IN BN,platform_engineering,71.23,84.17,70.0,75.0,457,0.97,IMPROVING,15485
2025-03-23,1-1 IN BN,platform_engineering,59.97,79.16,70.0,75.0,302,0.96,DECLINING,46918
2025-03-23,BSB 1BCT,platform_engineering,77.08,73.05,70.0,75.0,399,0.95,IMPROVING,39515
2025-03-24,BEB 1BCT,platform_engineering,91.05,82.97,70.0,75.0,274,0.92,IMPROVING,26613
2025-03-24,1-1 IN BN,platform_engineering,66.52,83.48,70.0,75.0,251,0.91,IMPROVING,33879
2025-03-24,2-1 IN BN,platform_engineering,65.14,83.13,70.0,75.0,326,0.98,STABLE,46206
2025-03-24,3-1 FA BN,platform_engineering,81.85,85.13,70.0,75.0,165,0.96,STABLE,44393
2025-03-25,1-1 IN BN,platform_engineering,94.3,90.12,70.0,75.0,183,0.96,STABLE,40634
2025-03-25,3-1 FA BN,platform_engineering,91.22,68.46,70.0,75.0,196,0.91,DECLINING,25750
2025-03-25,2-1 IN BN,platform_engineering,45.02,86.61,70.0,75.0,276,0.95,DECLINING,37683
2025-03-25,BEB 1BCT,platform_engineering,66.3,69.12,70.0,75.0,338,0.95,DECLINING,24586
2025-03-26,BSB 1BCT,platform_engineering,79.91,79.11,70.0,75.0,252,0.96,STABLE,30997
2025-03-26,3-1 FA BN,platform_engineering,54.0,62.84,70.0,75.0,198,0.99,DECLINING,30333
2025-03-26,BEB 1BCT,platform_engineering,62.64,71.78,70.0,75.0,280,0.95,STABLE,15196
2025-03-26,1-1 IN BN,platform_engineering,71.22,80.74,70.0,75.0,131,0.93,IMPROVING,8177
2025-03-27,3-1 FA BN,platform_engineering,110.01,77.38,70.0,75.0,274,0.95,STABLE,29861
2025-03-27,BEB 1BCT,platform_engineering,78.4,80.04,70.0,75.0,371,0.95,STABLE,23581
2025-03-27,BSB 1BCT,platform_engineering,88.02,83.97,70.0,75.0,278,0.93,DECLINING,12693
2025-03-27,1-1 IN BN,platform_engineering,100.64,78.47,70.0,75.0,351,0.91,IMPROVING,15455
2025-03-27,2-1 IN BN,platform_engineering,60.63,63.03,70.0,75.0,131,0.94,IMPROVING,23432
2025-03-28,1-1 IN BN,platform_engineering,110.97,78.53,70.0,75.0,129,0.98,IMPROVING,2760
2025-03-28,2-1 IN BN,platform_engineering,64.63,77.63,70.0,75.0,387,0.95,DECLINING,23867
2025-03-28,BSB 1BCT,platform_engineering,76.39,76.15,70.0,75.0,169,0.91,STABLE,12903
2025-03-28,3-1 FA BN,platform_engineering,68.6,86.69,70.0,75.0,60,0.9,DECLINING,48446
2025-03-28,BEB 1BCT,platform_engineering,89.9,67.04,70.0,75.0,220,0.98,DECLINING,14949
2025-03-29,BEB 1BCT,platform_engineering,82.79,96.77,70.0,75.0,87,0.97,IMPROVING,42738
2025-03-29,1-1 IN BN,platform_engineering,60.49,86.51,70.0,75.0,114,0.95,STABLE,29421
2025-03-29,3-1 FA BN,platform_engineering,73.35,70.15,70.0,75.0,365,0.98,DECLINING,30085
2025-03-29,BSB 1BCT,platform_engineering,89.37,69.23,70.0,75.0,467,0.99,DECLINING,33658
2025-03-29,2-1 IN BN,platform_engineering,79.0,72.0,70.0,75.0,62,0.94,STABLE,7508
2025-03-30,2-1 IN BN,platform_engineering,95.99,79.37,70.0,75.0,425,0.95,DECLINING,44284
2025-03-30,BEB 1BCT,platform_engineering,64.71,80.51,70.0,75.0,195,0.92,DECLINING,29683
2025-03-30,BSB 1BCT,platform_engineering,91.83,86.39,70.0,75.0,472,0.98,STABLE,16621
2025-03-30,1-1 IN BN,platform_engineering,56.32,79.71,70.0,75.0,273,0.92,IMPROVING,24447
2025-03-31,BSB 1BCT,platform_engineering,97.37,77.37,70.0,75.0,273,0.94,DECLINING,10780
2025-03-31,3-1 FA BN,platform_engineering,71.24,89.64,70.0,75.0,305,0.93,STABLE,12163
2025-03-31,1-1 IN BN,platform_engineering,63.66,80.52,70.0,75.0,169,0.96,STABLE,8132
2025-03-31,2-1 IN BN,platform_engineering,72.52,69.23,70.0,75.0,306,0.94,STABLE,14581
2025-03-31,BEB 1BCT,platform_engineering,70.32,68.23,70.0,75.0,138,0.91,IMPROVING,9936
2025-04-01,2-1 IN BN,platform_engineering,66.75,92.92,70.0,75.0,57,0.94,IMPROVING,14868
2025-04-01,BEB 1BCT,platform_engineering,79.22,76.65,70.0,75.0,406,0.9,DECLINING,18898
2025-04-01,1-1 IN BN,platform_engineering,83.79,78.02,70.0,75.0,449,0.93,STABLE,32652
2025-04-02,3-1 FA BN,platform_engineering,97.62,92.55,70.0,75.0,382,0.96,STABLE,1463
2025-04-02,BEB 1BCT,platform_engineering,71.39,87.96,70.0,75.0,351,0.98,DECLINING,6539
2025-04-03,BSB 1BCT,platform_engineering,63.0,88.45,70.0,75.0,301,0.98,DECLINING,30499
2025-04-03,3-1 FA BN,platform_engineering,75.14,71.92,70.0,75.0,240,0.97,DECLINING,29378
2025-04-04,BSB 1BCT,platform_engineering,69.25,78.42,70.0,75.0,306,0.96,STABLE,42992
2025-04-04,3-1 FA BN,platform_engineering,83.2,86.58,70.0,75.0,218,0.98,IMPROVING,5627
2025-04-04,2-1 IN BN,platform_engineering,70.71,80.16,70.0,75.0,343,0.96,DECLINING,33447
2025-04-04,BEB 1BCT,platform_engineering,59.17,78.04,70.0,75.0,306,0.94,IMPROVING,31672
2025-04-04,1-1 IN BN,platform_engineering,62.38,90.09,70.0,75.0,122,0.91,STABLE,6046
2025-04-05,1-1 IN BN,platform_engineering,62.69,74.43,70.0,75.0,451,0.96,DECLINING,35484
2025-04-05,BSB 1BCT,platform_engineering,58.4,85.06,70.0,75.0,67,0.91,STABLE,10154
2025-04-05,3-1 FA BN,platform_engineering,66.89,94.94,70.0,75.0,271,0.92,IMPROVING,17105
2025-04-05,BEB 1BCT,platform_engineering,87.62,93.68,70.0,75.0,181,0.92,IMPROVING,6830
2025-04-06,BEB 1BCT,platform_engineering,86.01,64.61,70.0,75.0,105,0.98,DECLINING,18225
2025-04-06,2-1 IN BN,platform_engineering,69.06,72.94,70.0,75.0,178,0.95,STABLE,23487
2025-04-06,1-1 IN BN,platform_engineering,64.58,78.99,70.0,75.0,118,0.96,STABLE,11058
2025-04-07,1-1 IN BN,platform_engineering,63.7,84.64,70.0,75.0,179,0.93,DECLINING,35293
2025-04-07,3-1 FA BN,platform_engineering,76.13,83.02,70.0,75.0,281,0.99,DECLINING,14088
2025-04-07,BEB 1BCT,platform_engineering,67.22,72.85,70.0,75.0,95,0.96,STABLE,23878
2025-04-07,2-1 IN BN,platform_engineering,104.34,76.13,70.0,75.0,366,0.94,IMPROVING,44060
2025-04-07,BSB 1BCT,platform_engineering,96.72,78.82,70.0,75.0,327,0.96,DECLINING,24291
2025-04-08,3-1 FA BN,platform_engineering,86.16,77.3,70.0,75.0,73,0.96,DECLINING,41286
2025-04-08,1-1 IN BN,platform_engineering,74.99,54.73,70.0,75.0,446,0.97,DECLINING,29322
2025-04-08,2-1 IN BN,platform_engineering,91.43,91.5,70.0,75.0,358,0.93,STABLE,28584
2025-04-08,BSB 1BCT,platform_engineering,72.91,75.35,70.0,75.0,150,0.94,DECLINING,36171
2025-04-08,BEB 1BCT,platform_engineering,72.3,88.31,70.0,75.0,490,0.93,IMPROVING,32801
2025-04-09,2-1 IN BN,platform_engineering,75.41,79.34,70.0,75.0,385,0.99,STABLE,6051
2025-04-09,BSB 1BCT,platform_engineering,71.75,78.28,70.0,75.0,452,0.99,STABLE,48205
2025-04-09,BEB 1BCT,platform_engineering,73.68,64.05,70.0,75.0,478,0.9,DECLINING,44280
2025-04-09,1-1 IN BN,platform_engineering,69.69,81.05,70.0,75.0,115,0.91,STABLE,42742
2025-04-09,3-1 FA BN,platform_engineering,78.11,81.06,70.0,75.0,190,0.98,DECLINING,26080
2025-04-10,3-1 FA BN,platform_engineering,72.42,75.77,70.0,75.0,98,0.94,STABLE,27740
2025-04-10,BEB 1BCT,platform_engineering,79.37,93.87,70.0,75.0,358,0.92,DECLINING,24121
2025-04-10,2-1 IN BN,platform_engineering,81.8,81.06,70.0,75.0,146,0.97,STABLE,9403
2025-04-11,2-1 IN BN,platform_engineering,76.62,91.43,70.0,75.0,210,0.93,DECLINING,35540
2025-04-11,1-1 IN BN,platform_engineering,77.32,77.49,70.0,75.0,190,0.98,IMPROVING,10249
2025-04-11,BEB 1BCT,platform_engineering,86.0,73.47,70.0,75.0,147,0.97,STABLE,4228
2025-04-11,BSB 1BCT,platform_engineering,63.52,80.59,70.0,75.0,439,0.99,DECLINING,14917
2025-04-12,2-1 IN BN,platform_engineering,59.15,67.28,70.0,75.0,361,0.97,IMPROVING,10156
2025-04-12,1-1 IN BN,platform_engineering,74.9,80.7,70.0,75.0,453,0.92,IMPROVING,41614
2025-04-12,3-1 FA BN,platform_engineering,88.77,80.69,70.0,75.0,392,0.95,IMPROVING,45412
2025-04-13,2-1 IN BN,platform_engineering,69.18,75.89,70.0,75.0,273,0.93,STABLE,29890
2025-04-13,BEB 1BCT,platform_engineering,64.69,85.14,70.0,75.0,277,0.93,IMPROVING,23121
2025-04-13,BSB 1BCT,platform_engineering,68.43,89.23,70.0,75.0,104,0.93,IMPROVING,12778
2025-04-13,3-1 FA BN,platform_engineering,85.31,75.59,70.0,75.0,104,0.93,DECLINING,17191
2025-04-14,BEB 1BCT,platform_engineering,73.64,88.87,70.0,75.0,76,0.97,IMPROVING,23658
2025-04-14,2-1 IN BN,platform_engineering,91.03,84.14,70.0,75.0,156,0.98,IMPROVING,42719
2025-04-14,3-1 FA BN,platform_engineering,75.01,82.58,70.0,75.0,130,0.94,DECLINING,36362
2025-04-15,BEB 1BCT,platform_engineering,66.76,80.94,70.0,75.0,476,0.95,IMPROVING,40519
2025-04-15,2-1 IN BN,platform_engineering,90.85,67.99,70.0,75.0,163,0.94,IMPROVING,46131
2025-04-15,BSB 1BCT,platform_engineering,69.52,77.33,70.0,75.0,276,0.93,IMPROVING,38182
2025-04-15,3-1 FA BN,platform_engineering,71.26,72.83,70.0,75.0,286,0.96,IMPROVING,19862
2025-04-16,1-1 IN BN,platform_engineering,82.19,78.12,70.0,75.0,140,0.9,DECLINING,26663
2025-04-16,BEB 1BCT,platform_engineering,86.89,69.96,70.0,75.0,216,0.95,IMPROVING,1252
2025-04-16,2-1 IN BN,platform_engineering,70.34,65.16,70.0,75.0,147,0.94,IMPROVING,26709
2025-04-17,3-1 FA BN,platform_engineering,74.88,69.7,70.0,75.0,456,0.94,IMPROVING,17572
2025-04-17,BEB 1BCT,platform_engineering,86.04,89.78,70.0,75.0,412,0.9,IMPROVING,31368
2025-04-17,1-1 IN BN,platform_engineering,70.04,76.51,70.0,75.0,276,0.94,DECLINING,16661
2025-04-17,BSB 1BCT,platform_engineering,69.38,88.08,70.0,75.0,74,0.98,DECLINING,30231
2025-04-18,BSB 1BCT,platform_engineering,82.55,92.34,70.0,75.0,161,0.9,IMPROVING,39535
2025-04-18,1-1 IN BN,platform_engineering,79.07,80.76,70.0,75.0,266,0.92,IMPROVING,23420
2025-04-18,BEB 1BCT,platform_engineering,51.28,78.56,70.0,75.0,380,0.99,STABLE,22673
2025-04-18,3-1 FA BN,platform_engineering,72.58,87.51,70.0,75.0,261,0.91,IMPROVING,37224
2025-04-19,BSB 1BCT,platform_engineering,73.1,88.27,70.0,75.0,160,0.92,DECLINING,19811
2025-04-19,1-1 IN BN,platform_engineering,79.78,73.24,70.0,75.0,453,0.99,DECLINING,28073
2025-04-19,BEB 1BCT,platform_engineering,84.07,72.28,70.0,75.0,471,0.97,STABLE,20443
2025-04-19,2-1 IN BN,platform_engineering,74.82,66.97,70.0,75.0,220,0.91,STABLE,33445
2025-04-20,3-1 FA BN,platform_engineering,60.89,90.48,70.0,75.0,481,0.99,STABLE,38282
2025-04-20,1-1 IN BN,platform_engineering,69.84,73.29,70.0,75.0,468,0.95,DECLINING,27764
2025-04-20,BEB 1BCT,platform_engineering,69.23,87.29,70.0,75.0,71,0.97,DECLINING,15985
2025-04-21,BSB 1BCT,platform_engineering,84.52,94.02,70.0,75.0,427,0.92,STABLE,42774
2025-04-21,3-1 FA BN,platform_engineering,76.01,80.81,70.0,75.0,131,0.92,IMPROVING,22369
2025-04-21,1-1 IN BN,platform_engineering,82.88,83.45,70.0,75.0,230,0.94,DECLINING,42543
2025-04-22,2-1 IN BN,platform_engineering,76.52,87.98,70.0,75.0,73,0.92,STABLE,10432
2025-04-22,BSB 1BCT,platform_engineering,84.45,77.31,70.0,75.0,79,0.92,STABLE,4030
2025-04-22,3-1 FA BN,platform_engineering,66.86,78.42,70.0,75.0,299,0.91,DECLINING,37671
2025-04-22,1-1 IN BN,platform_engineering,76.35,81.13,70.0,75.0,448,0.92,DECLINING,10738
2025-04-23,2-1 IN BN,platform_engineering,93.64,82.61,70.0,75.0,394,0.96,STABLE,38209
2025-04-23,BEB 1BCT,platform_engineering,69.95,82.64,70.0,75.0,183,0.9,STABLE,45359
2025-04-23,1-1 IN BN,platform_engineering,65.27,71.48,70.0,75.0,218,0.92,IMPROVING,36767
2025-04-23,BSB 1BCT,platform_engineering,47.6,83.74,70.0,75.0,387,0.99,STABLE,33691
2025-04-24,BSB 1BCT,platform_engineering,70.49,87.5,70.0,75.0,250,0.93,STABLE,46077
2025-04-24,1-1 IN BN,platform_engineering,63.2,76.77,70.0,75.0,400,0.97,DECLINING,38032
2025-04-24,BEB 1BCT,platform_engineering,69.5,75.9,70.0,75.0,259,0.95,DECLINING,49719
2025-04-24,2-1 IN BN,platform_engineering,63.02,90.16,70.0,75.0,321,0.93,DECLINING,12846
2025-04-24,3-1 FA BN,platform_engineering,66.42,89.78,70.0,75.0,134,0.95,IMPROVING,25707
2025-04-25,BEB 1BCT,platform_engineering,54.14,84.72,70.0,75.0,299,0.92,STABLE,48044
2025-04-25,2-1 IN BN,platform_engineering,80.82,72.71,70.0,75.0,326,0.97,DECLINING,47635
2025-04-25,1-1 IN BN,platform_engineering,90.45,97.58,70.0,75.0,422,0.96,STABLE,12589
2025-04-25,3-1 FA BN,platform_engineering,81.34,91.17,70.0,75.0,173,0.92,STABLE,29208
2025-04-25,BSB 1BCT,platform_engineering,70.1,81.9,70.0,75.0,230,0.91,STABLE,40288
2025-04-26,1-1 IN BN,platform_engineering,59.86,79.86,70.0,75.0,437,0.97,DECLINING,46573
2025-04-26,BEB 1BCT,platform_engineering,61.59,78.77,70.0,75.0,365,0.99,STABLE,17422
2025-04-26,2-1 IN BN,platform_engineering,47.4,65.9,70.0,75.0,59,0.97,DECLINING,43599
2025-04-26,3-1 FA BN,platform_engineering,67.47,70.02,70.0,75.0,92,0.95,STABLE,41736
2025-04-26,BSB 1BCT,platform_engineering,71.69,71.99,70.0,75.0,94,0.92,STABLE,18896
2025-04-27,BEB 1BCT,platform_engineering,72.04,74.48,70.0,75.0,101,0.95,DECLINING,2812
2025-04-27,2-1 IN BN,platform_engineering,86.42,87.27,70.0,75.0,147,0.92,STABLE,39378
2025-04-28,2-1 IN BN,platform_engineering,61.01,80.35,70.0,75.0,451,0.92,DECLINING,37112
2025-04-28,BEB 1BCT,platform_engineering,76.84,76.73,70.0,75.0,394,0.98,IMPROVING,2822
2025-04-29,BSB 1BCT,platform_engineering,91.82,87.7,70.0,75.0,142,0.9,DECLINING,11045
2025-04-29,2-1 IN BN,platform_engineering,75.33,83.65,70.0,75.0,127,0.92,IMPROVING,16883
2025-04-30,2-1 IN BN,platform_engineering,87.13,84.42,70.0,75.0,143,0.92,DECLINING,39981
2025-04-30,1-1 IN BN,platform_engineering,86.89,75.32,70.0,75.0,67,0.98,IMPROVING,41791
2025-04-30,BEB 1BCT,platform_engineering,73.68,81.25,70.0,75.0,484,0.99,IMPROVING,44456
2025-04-30,BSB 1BCT,platform_engineering,77.02,70.87,70.0,75.0,213,0.94,DECLINING,46710
2025-04-30,3-1 FA BN,platform_engineering,74.44,79.07,70.0,75.0,52,0.96,DECLINING,39131
2025-05-01,BSB 1BCT,platform_engineering,90.68,68.7,70.0,75.0,158,0.97,IMPROVING,20269
2025-05-01,BEB 1BCT,platform_engineering,83.66,72.05,70.0,75.0,181,0.99,DECLINING,32520
2025-05-02,3-1 FA BN,platform_engineering,67.67,91.77,70.0,75.0,205,0.94,IMPROVING,8442
2025-05-02,1-1 IN BN,platform_engineering,58.56,82.44,70.0,75.0,416,0.96,STABLE,1707
2025-05-03,BSB 1BCT,platform_engineering,100.56,76.46,70.0,75.0,482,0.92,IMPROVING,41844
2025-05-03,2-1 IN BN,platform_engineering,77.92,104.56,70.0,75.0,418,0.95,DECLINING,48650
2025-05-03,3-1 FA BN,platform_engineering,80.0,90.73,70.0,75.0,340,0.96,IMPROVING,14428
2025-05-04,1-1 IN BN,platform_engineering,73.87,78.36,70.0,75.0,490,0.95,DECLINING,15070
2025-05-04,BSB 1BCT,platform_engineering,83.12,91.13,70.0,75.0,329,0.92,DECLINING,49236
2025-05-04,3-1 FA BN,platform_engineering,75.2,74.86,70.0,75.0,280,0.93,STABLE,10670
2025-05-05,2-1 IN BN,platform_engineering,76.02,83.58,70.0,75.0,289,0.95,DECLINING,20014
2025-05-05,1-1 IN BN,platform_engineering,90.09,97.16,70.0,75.0,431,0.92,STABLE,33381
2025-05-06,1-1 IN BN,platform_engineering,63.43,85.54,70.0,75.0,107,0.97,STABLE,49625
2025-05-06,BEB 1BCT,platform_engineering,55.92,76.99,70.0,75.0,356,0.9,STABLE,7281
2025-05-07,2-1 IN BN,platform_engineering,67.02,82.41,70.0,75.0,58,0.92,IMPROVING,41290
2025-05-07,BSB 1BCT,platform_engineering,70.51,78.51,70.0,75.0,401,0.97,STABLE,14678
2025-05-07,BEB 1BCT,platform_engineering,73.35,78.66,70.0,75.0,394,0.9,IMPROVING,6085
2025-05-07,1-1 IN BN,platform_engineering,67.42,75.91,70.0,75.0,88,0.91,STABLE,2800
2025-05-08,3-1 FA BN,platform_engineering,80.13,85.69,70.0,75.0,300,0.94,IMPROVING,33543
2025-05-08,BEB 1BCT,platform_engineering,62.16,79.77,70.0,75.0,362,0.94,DECLINING,1454
2025-05-08,1-1 IN BN,platform_engineering,57.01,75.33,70.0,75.0,62,0.96,STABLE,18865
2025-05-08,2-1 IN BN,platform_engineering,62.87,67.27,70.0,75.0,223,0.98,IMPROVING,22098
2025-05-08,BSB 1BCT,platform_engineering,63.03,95.03,70.0,75.0,93,0.94,IMPROVING,29958
2025-05-09,BSB 1BCT,platform_engineering,80.9,78.14,70.0,75.0,145,0.95,IMPROVING,46193
2025-05-09,BEB 1BCT,platform_engineering,66.57,78.29,70.0,75.0,55,0.93,IMPROVING,11331
2025-05-09,1-1 IN BN,platform_engineering,82.25,82.03,70.0,75.0,64,0.94,IMPROVING,26123
2025-05-10,1-1 IN BN,platform_engineering,70.06,83.79,70.0,75.0,71,0.94,IMPROVING,5334
2025-05-10,BEB 1BCT,platform_engineering,67.18,69.86,70.0,75.0,475,0.92,STABLE,6088
2025-05-11,BSB 1BCT,platform_engineering,70.31,74.45,70.0,75.0,230,0.98,STABLE,38141
2025-05-11,1-1 IN BN,platform_engineering,61.82,83.76,70.0,75.0,257,0.99,DECLINING,44080
2025-05-12,2-1 IN BN,platform_engineering,81.26,72.35,70.0,75.0,388,0.95,STABLE,42597
2025-05-12,3-1 FA BN,platform_engineering,69.61,91.61,70.0,75.0,176,0.95,DECLINING,35158
2025-05-13,BEB 1BCT,platform_engineering,79.72,78.11,70.0,75.0,435,0.99,STABLE,22972
2025-05-13,1-1 IN BN,platform_engineering,70.53,71.07,70.0,75.0,405,0.94,STABLE,28269
2025-05-14,BEB 1BCT,platform_engineering,85.64,87.49,70.0,75.0,427,0.9,STABLE,3556
2025-05-14,3-1 FA BN,platform_engineering,55.71,74.12,70.0,75.0,280,0.94,STABLE,5921
2025-05-15,BSB 1BCT,platform_engineering,66.41,77.93,70.0,75.0,229,0.99,STABLE,30629
2025-05-15,1-1 IN BN,platform_engineering,67.86,79.86,70.0,75.0,285,0.96,STABLE,13425
2025-05-15,BEB 1BCT,platform_engineering,74.44,77.23,70.0,75.0,230,0.96,DECLINING,46201
2025-05-15,3-1 FA BN,platform_engineering,78.89,85.76,70.0,75.0,338,0.95,IMPROVING,24642
2025-05-15,2-1 IN BN,platform_engineering,71.39,70.91,70.0,75.0,284,0.99,DECLINING,40825
2025-05-16,2-1 IN BN,platform_engineering,57.04,82.08,70.0,75.0,58,0.91,STABLE,2966
2025-05-16,3-1 FA BN,platform_engineering,88.01,73.21,70.0,75.0,344,0.95,DECLINING,28766
2025-05-16,BSB 1BCT,platform_engineering,80.51,90.29,70.0,75.0,320,0.93,STABLE,19755
2025-05-17,3-1 FA BN,platform_engineering,75.15,90.21,70.0,75.0,213,0.97,STABLE,45370
2025-05-17,2-1 IN BN,platform_engineering,64.21,90.33,70.0,75.0,358,0.91,DECLINING,37232
2025-05-17,BEB 1BCT,platform_engineering,63.58,84.42,70.0,75.0,135,0.97,IMPROVING,32019
2025-05-17,BSB 1BCT,platform_engineering,75.22,101.54,70.0,75.0,493,0.92,IMPROVING,21430
2025-05-18,BSB 1BCT,platform_engineering,80.28,81.31,70.0,75.0,267,0.92,STABLE,4873
2025-05-18,2-1 IN BN,platform_engineering,88.67,88.21,70.0,75.0,118,0.91,STABLE,46201
2025-05-19,3-1 FA BN,platform_engineering,87.25,78.56,70.0,75.0,255,0.92,DECLINING,37477
2025-05-19,BEB 1BCT,platform_engineering,53.08,88.08,70.0,75.0,149,0.93,IMPROVING,19567
2025-05-19,1-1 IN BN,platform_engineering,73.15,87.51,70.0,75.0,459,0.96,DECLINING,43756
2025-05-20,2-1 IN BN,platform_engineering,79.89,81.9,70.0,75.0,223,0.92,DECLINING,18365
2025-05-20,3-1 FA BN,platform_engineering,70.85,89.98,70.0,75.0,294,0.96,IMPROVING,6311
2025-05-20,BEB 1BCT,platform_engineering,65.01,72.74,70.0,75.0,203,0.92,DECLINING,20677
2025-05-20,1-1 IN BN,platform_engineering,64.7,86.56,70.0,75.0,237,0.91,DECLINING,8290
2025-05-21,BSB 1BCT,platform_engineering,75.26,68.54,70.0,75.0,138,0.98,DECLINING,26388
2025-05-21,3-1 FA BN,platform_engineering,71.2,90.33,70.0,75.0,499,0.95,STABLE,12372
2025-05-22,BSB 1BCT,platform_engineering,65.32,70.9,70.0,75.0,320,0.98,STABLE,43280
2025-05-22,2-1 IN BN,platform_engineering,69.55,78.29,70.0,75.0,172,0.98,IMPROVING,31455
2025-05-22,BEB 1BCT,platform_engineering,72.56,83.69,70.0,75.0,238,0.99,DECLINING,5934
2025-05-22,1-1 IN BN,platform_engineering,77.46,74.6,70.0,75.0,192,0.94,DECLINING,12627
2025-05-23,1-1 IN BN,platform_engineering,80.89,70.57,70.0,75.0,183,0.93,IMPROVING,5995
2025-05-23,3-1 FA BN,platform_engineering,89.01,81.52,70.0,75.0,121,0.92,STABLE,16637
2025-05-23,2-1 IN BN,platform_engineering,74.33,70.11,70.0,75.0,398,0.97,STABLE,12009
2025-05-24,2-1 IN BN,platform_engineering,89.91,74.61,70.0,75.0,56,0.94,DECLINING,49722
2025-05-24,1-1 IN BN,platform_engineering,70.02,77.88,70.0,75.0,63,0.93,DECLINING,42068
2025-05-24,3-1 FA BN,platform_engineering,57.92,86.91,70.0,75.0,208,0.95,IMPROVING,5185
2025-05-24,BSB 1BCT,platform_engineering,61.15,78.9,70.0,75.0,408,0.96,STABLE,23162
2025-05-25,BSB 1BCT,platform_engineering,80.53,74.9,70.0,75.0,92,0.93,IMPROVING,7709
2025-05-25,1-1 IN BN,platform_engineering,80.62,83.0,70.0,75.0,51,0.91,IMPROVING,6334
2025-05-26,1-1 IN BN,platform_engineering,86.61,75.11,70.0,75.0,335,0.98,DECLINING,36463
2025-05-26,BEB 1BCT,platform_engineering,41.28,93.18,70.0,75.0,490,0.95,IMPROVING,42869
2025-05-26,2-1 IN BN,platform_engineering,93.26,93.57,70.0,75.0,80,0.95,IMPROVING,18319
2025-05-26,BSB 1BCT,platform_engineering,74.74,68.92,70.0,75.0,201,0.91,IMPROVING,31283
2025-05-26,3-1 FA BN,platform_engineering,60.03,70.8,70.0,75.0,366,0.95,DECLINING,30665
2025-05-27,2-1 IN BN,platform_engineering,72.83,86.3,70.0,75.0,188,0.91,STABLE,1907
2025-05-27,1-1 IN BN,platform_engineering,69.64,75.59,70.0,75.0,300,0.92,DECLINING,35947
2025-05-27,BSB 1BCT,platform_engineering,78.9,78.51,70.0,75.0,231,0.95,IMPROVING,35001
2025-05-27,3-1 FA BN,platform_engineering,68.51,65.23,70.0,75.0,428,0.95,DECLINING,18908
2025-05-28,3-1 FA BN,platform_engineering,95.28,69.56,70.0,75.0,409,0.97,DECLINING,12169
2025-05-28,BSB 1BCT,platform_engineering,72.58,78.93,70.0,75.0,210,0.94,DECLINING,31751
2025-05-28,BEB 1BCT,platform_engineering,66.29,70.84,70.0,75.0,323,0.98,IMPROVING,26555
2025-05-28,2-1 IN BN,platform_engineering,72.99,80.5,70.0,75.0,209,0.96,IMPROVING,3645
2025-05-28,1-1 IN BN,platform_engineering,69.27,84.12,70.0,75.0,189,0.97,DECLINING,7774
2025-05-29,1-1 IN BN,platform_engineering,85.83,78.87,70.0,75.0,463,0.94,IMPROVING,9740
2025-05-29,3-1 FA BN,platform_engineering,54.88,77.38,70.0,75.0,373,0.94,DECLINING,26104
2025-05-29,BEB 1BCT,platform_engineering,73.13,80.63,70.0,75.0,366,0.94,STABLE,21136
2025-05-29,BSB 1BCT,platform_engineering,63.34,64.38,70.0,75.0,251,0.9,STABLE,22407
2025-05-30,2-1 IN BN,platform_engineering,88.24,83.3,70.0,75.0,116,0.94,DECLINING,9963
2025-05-30,1-1 IN BN,platform_engineering,58.33,90.48,70.0,75.0,196,0.98,DECLINING,2529
2025-05-31,3-1 FA BN,platform_engineering,71.19,89.09,70.0,75.0,452,0.95,IMPROVING,22079
2025-05-31,BEB 1BCT,platform_engineering,67.63,83.33,70.0,75.0,130,0.97,DECLINING,17002
2025-05-31,BSB 1BCT,platform_engineering,62.04,81.61,70.0,75.0,423,0.99,STABLE,3494
2025-06-01,BSB 1BCT,platform_engineering,51.31,81.41,70.0,75.0,336,0.97,DECLINING,24109
2025-06-01,3-1 FA BN,platform_engineering,72.18,66.81,70.0,75.0,219,0.91,IMPROVING,22689
2025-06-01,2-1 IN BN,platform_engineering,93.35,75.0,70.0,75.0,474,0.93,STABLE,39835
2025-06-01,BEB 1BCT,platform_engineering,77.2,77.86,70.0,75.0,387,0.94,STABLE,12134
2025-06-01,1-1 IN BN,platform_engineering,89.03,67.47,70.0,75.0,351,0.97,IMPROVING,41708
2025-06-02,BEB 1BCT,platform_engineering,79.27,90.82,70.0,75.0,304,0.92,DECLINING,37945
2025-06-02,BSB 1BCT,platform_engineering,70.06,77.04,70.0,75.0,469,0.92,DECLINING,23244
2025-06-02,2-1 IN BN,platform_engineering,73.45,88.52,70.0,75.0,80,0.95,IMPROVING,23445
2025-06-02,1-1 IN BN,platform_engineering,70.51,78.58,70.0,75.0,115,0.93,STABLE,37977
2025-06-03,BSB 1BCT,platform_engineering,109.38,90.64,70.0,75.0,395,0.98,STABLE,25583
2025-06-03,3-1 FA BN,platform_engineering,72.01,73.07,70.0,75.0,364,0.93,IMPROVING,21466
2025-06-03,1-1 IN BN,platform_engineering,83.72,86.26,70.0,75.0,135,0.9,IMPROVING,34496
2025-06-03,2-1 IN BN,platform_engineering,73.44,81.35,70.0,75.0,454,0.92,STABLE,27713
2025-06-04,1-1 IN BN,platform_engineering,67.34,79.17,70.0,75.0,123,0.95,DECLINING,26060
2025-06-04,BSB 1BCT,platform_engineering,108.02,64.41,70.0,75.0,475,0.92,IMPROVING,46320
2025-06-05,3-1 FA BN,platform_engineering,71.08,69.29,70.0,75.0,296,0.91,STABLE,4163
2025-06-05,1-1 IN BN,platform_engineering,83.06,79.74,70.0,75.0,474,0.97,DECLINING,16165
2025-06-06,BEB 1BCT,platform_engineering,73.67,83.29,70.0,75.0,382,0.93,STABLE,43774
2025-06-06,3-1 FA BN,platform_engineering,79.26,72.01,70.0,75.0,390,0.92,IMPROVING,42317
2025-06-07,1-1 IN BN,platform_engineering,87.66,74.69,70.0,75.0,424,0.91,IMPROVING,3058
2025-06-07,2-1 IN BN,platform_engineering,50.79,71.08,70.0,75.0,298,0.97,DECLINING,28079
2025-06-07,BSB 1BCT,platform_engineering,61.73,80.07,70.0,75.0,287,0.94,STABLE,23417
2025-06-08,BSB 1BCT,platform_engineering,62.85,94.56,70.0,75.0,156,0.92,DECLINING,8263
2025-06-08,3-1 FA BN,platform_engineering,58.56,70.53,70.0,75.0,406,0.92,STABLE,49436
2025-06-08,2-1 IN BN,platform_engineering,73.99,76.24,70.0,75.0,75,0.91,DECLINING,14390
2025-06-08,BEB 1BCT,platform_engineering,64.67,76.53,70.0,75.0,170,0.97,DECLINING,41518
2025-06-08,1-1 IN BN,platform_engineering,74.25,75.72,70.0,75.0,403,0.92,DECLINING,6390
2025-06-09,3-1 FA BN,platform_engineering,89.34,78.41,70.0,75.0,222,0.97,IMPROVING,31442
2025-06-09,1-1 IN BN,platform_engineering,86.54,81.11,70.0,75.0,58,0.94,STABLE,1930
2025-06-09,2-1 IN BN,platform_engineering,67.66,84.29,70.0,75.0,104,0.93,IMPROVING,49912
2025-06-10,3-1 FA BN,platform_engineering,96.99,91.72,70.0,75.0,265,0.99,DECLINING,17035
2025-06-10,BSB 1BCT,platform_engineering,74.12,73.89,70.0,75.0,119,0.94,DECLINING,30727
2025-06-10,2-1 IN BN,platform_engineering,75.04,84.95,70.0,75.0,194,0.9,DECLINING,22442
2025-06-10,1-1 IN BN,platform_engineering,87.2,64.05,70.0,75.0,226,0.92,IMPROVING,11333
2025-06-11,3-1 FA BN,platform_engineering,69.33,80.92,70.0,75.0,241,0.95,DECLINING,18332
2025-06-11,2-1 IN BN,platform_engineering,54.91,77.38,70.0,75.0,358,0.98,DECLINING,44902
2025-06-11,BSB 1BCT,platform_engineering,89.74,71.9,70.0,75.0,203,0.97,STABLE,6410
2025-06-12,3-1 FA BN,platform_engineering,81.19,73.14,70.0,75.0,200,0.99,STABLE,17477
2025-06-12,1-1 IN BN,platform_engineering,75.73,75.56,70.0,75.0,472,0.95,IMPROVING,17896
2025-06-12,BEB 1BCT,platform_engineering,85.36,83.39,70.0,75.0,205,0.98,DECLINING,35492
2025-06-12,2-1 IN BN,platform_engineering,64.4,87.0,70.0,75.0,219,0.92,IMPROVING,5530
2025-06-12,BSB 1BCT,platform_engineering,61.48,79.88,70.0,75.0,299,0.95,STABLE,3952
2025-06-13,3-1 FA BN,platform_engineering,71.59,80.72,70.0,75.0,365,0.96,IMPROVING,28755
2025-06-13,BSB 1BCT,platform_engineering,54.8,80.84,70.0,75.0,225,0.98,DECLINING,9400
2025-06-14,1-1 IN BN,platform_engineering,68.28,72.31,70.0,75.0,414,0.9,DECLINING,33459
2025-06-14,3-1 FA BN,platform_engineering,76.02,92.41,70.0,75.0,266,0.9,IMPROVING,7936
2025-06-15,1-1 IN BN,platform_engineering,74.65,69.36,70.0,75.0,115,0.97,DECLINING,6754
2025-06-15,2-1 IN BN,platform_engineering,67.87,84.17,70.0,75.0,296,0.93,IMPROVING,32968
2025-06-15,3-1 FA BN,platform_engineering,65.23,89.54,70.0,75.0,417,0.95,DECLINING,14187
2025-06-15,BSB 1BCT,platform_engineering,88.81,70.1,70.0,75.0,436,0.94,DECLINING,33907
2025-06-15,BEB 1BCT,platform_engineering,72.25,82.96,70.0,75.0,231,0.96,STABLE,26641
2025-06-16,3-1 FA BN,platform_engineering,74.74,76.15,70.0,75.0,216,0.93,STABLE,45390
2025-06-16,BEB 1BCT,platform_engineering,54.43,87.95,70.0,75.0,262,0.95,DECLINING,20760
2025-06-17,BEB 1BCT,platform_engineering,57.55,86.34,70.0,75.0,248,0.92,DECLINING,1927
2025-06-17,2-1 IN BN,platform_engineering,61.48,93.89,70.0,75.0,210,0.91,STABLE,8639
2025-06-18,2-1 IN BN,platform_engineering,64.38,75.69,70.0,75.0,146,0.92,STABLE,25343
2025-06-18,BEB 1BCT,platform_engineering,88.03,75.99,70.0,75.0,241,0.94,STABLE,5415
2025-06-19,1-1 IN BN,platform_engineering,68.39,63.27,70.0,75.0,280,0.98,STABLE,37571
2025-06-19,2-1 IN BN,platform_engineering,84.93,69.5,70.0,75.0,248,0.95,DECLINING,20934
2025-06-19,3-1 FA BN,platform_engineering,59.59,78.33,70.0,75.0,473,0.95,DECLINING,27761
2025-06-20,1-1 IN BN,platform_engineering,81.66,81.71,70.0,75.0,371,0.9,DECLINING,14426
2025-06-20,BSB 1BCT,platform_engineering,56.27,90.5,70.0,75.0,143,0.92,STABLE,37922
2025-06-20,BEB 1BCT,platform_engineering,73.56,71.68,70.0,75.0,118,0.92,IMPROVING,9791
2025-06-21,3-1 FA BN,platform_engineering,66.92,80.41,70.0,75.0,105,0.97,IMPROVING,38399
2025-06-21,BSB 1BCT,platform_engineering,85.91,65.83,70.0,75.0,174,0.94,DECLINING,43702
2025-06-21,BEB 1BCT,platform_engineering,89.54,81.04,70.0,75.0,391,0.93,STABLE,1290
2025-06-21,1-1 IN BN,platform_engineering,69.01,82.19,70.0,75.0,148,0.9,IMPROVING,23826
2025-06-21,2-1 IN BN,platform_engineering,67.93,82.7,70.0,75.0,427,0.93,STABLE,25491
2025-06-22,BEB 1BCT,platform_engineering,85.09,80.08,70.0,75.0,54,0.98,DECLINING,3315
2025-06-22,3-1 FA BN,platform_engineering,79.07,92.93,70.0,75.0,290,0.92,IMPROVING,9353
2025-06-22,1-1 IN BN,platform_engineering,69.74,89.09,70.0,75.0,413,0.94,DECLINING,25965
2025-06-22,2-1 IN BN,platform_engineering,80.69,93.7,70.0,75.0,115,0.96,IMPROVING,23383
2025-06-22,BSB 1BCT,platform_engineering,77.62,77.22,70.0,75.0,335,0.95,IMPROVING,1843
2025-06-23,BEB 1BCT,platform_engineering,88.06,66.84,70.0,75.0,394,0.96,DECLINING,22595
2025-06-23,1-1 IN BN,platform_engineering,40.25,79.19,70.0,75.0,121,0.96,DECLINING,22944
2025-06-23,3-1 FA BN,platform_engineering,80.38,91.01,70.0,75.0,390,0.98,DECLINING,7748
2025-06-24,2-1 IN BN,platform_engineering,54.1,82.96,70.0,75.0,65,0.97,IMPROVING,42782
2025-06-24,1-1 IN BN,platform_engineering,65.82,84.98,70.0,75.0,167,0.94,DECLINING,41414
2025-06-25,BSB 1BCT,platform_engineering,70.86,76.2,70.0,75.0,484,0.93,DECLINING,19342
2025-06-25,2-1 IN BN,platform_engineering,70.95,84.48,70.0,75.0,400,0.94,IMPROVING,47997
2025-06-25,3-1 FA BN,platform_engineering,83.24,90.46,70.0,75.0,192,0.99,IMPROVING,15740
2025-06-25,1-1 IN BN,platform_engineering,66.58,80.33,70.0,75.0,374,0.96,DECLINING,49645
2025-06-26,2-1 IN BN,platform_engineering,70.16,67.28,70.0,75.0,114,0.98,STABLE,46132
2025-06-26,BEB 1BCT,platform_engineering,68.66,87.68,70.0,75.0,100,0.95,STABLE,4108
2025-06-27,1-1 IN BN,platform_engineering,59.72,79.92,70.0,75.0,283,0.97,IMPROVING,46941
2025-06-27,3-1 FA BN,platform_engineering,82.6,73.73,70.0,75.0,127,0.93,DECLINING,20143
2025-06-27,2-1 IN BN,platform_engineering,79.6,69.56,70.0,75.0,306,0.93,DECLINING,40281
2025-06-28,BEB 1BCT,platform_engineering,78.92,78.27,70.0,75.0,111,0.92,STABLE,29948
2025-06-28,2-1 IN BN,platform_engineering,65.52,80.13,70.0,75.0,95,0.92,DECLINING,6563
2025-06-28,1-1 IN BN,platform_engineering,65.63,84.06,70.0,75.0,261,0.98,IMPROVING,34301
2025-06-29,2-1 IN BN,platform_engineering,84.36,70.13,70.0,75.0,386,0.92,DECLINING,44673
2025-06-29,BSB 1BCT,platform_engineering,84.94,64.58,70.0,75.0,117,0.95,DECLINING,18271
2025-06-29,1-1 IN BN,platform_engineering,66.19,76.75,70.0,75.0,393,0.98,STABLE,49519
