date,battalion,equipment_class,readiness_pct
2025-03-01,Battalion_A,wheeled,73.41
2025-03-01,Battalion_B,wheeled,74.92
2025-03-01,Battalion_C,wheeled,84.04
2025-03-01,Battalion_A,tracked,68.33
2025-03-01,Battalion_B,tracked,67.69
2025-03-01,Battalion_C,tracked,85.78
2025-03-01,Battalion_A,aviation,74.8
2025-03-01,Battalion_B,aviation,64.71
2025-03-01,Battalion_C,aviation,69.89
2025-03-01,Battalion_A,comms,70.51
2025-03-01,Battalion_B,comms,72.32
2025-03-01,Battalion_C,comms,78.86
2025-03-02,Battalion_A,wheeled,75.1
2025-03-02,Battalion_B,wheeled,76.37
2025-03-02,Battalion_C,wheeled,84.41
2025-03-02,Battalion_A,tracked,71.0
2025-03-02,Battalion_B,tracked,71.28
2025-03-02,Battalion_C,tracked,81.35
2025-03-02,Battalion_A,aviation,88.52
2025-03-02,Battalion_B,aviation,71.89
2025-03-02,Battalion_C,aviation,75.1
2025-03-02,Battalion_A,comms,72.11
2025-03-02,Battalion_B,comms,73.37
2025-03-02,Battalion_C,comms,82.01
2025-03-03,Battalion_A,wheeled,72.24
2025-03-03,Battalion_B,wheeled,78.49
2025-03-03,Battalion_C,wheeled,81.87
2025-03-03,Battalion_A,tracked,72.07
2025-03-03,Battalion_B,tracked,78.65
2025-03-03,Battalion_C,tracked,81.12
2025-03-03,Battalion_A,aviation,80.76
2025-03-03,Battalion_B,aviation,98.23
2025-03-03,Battalion_C,aviation,95.41
2025-03-03,Battalion_A,comms,70.67
2025-03-03,Battalion_B,comms,74.65
2025-03-03,Battalion_C,comms,82.23
2025-03-04,Battalion_A,wheeled,68.31
2025-03-04,Battalion_B,wheeled,69.22
2025-03-04,Battalion_C,wheeled,82.5
2025-03-04,Battalion_A,tracked,67.35
2025-03-04,Battalion_B,tracked,85.18
2025-03-04,Battalion_C,tracked,77.03
2025-03-04,Battalion_A,aviation,58.75
2025-03-04,Battalion_B,aviation,100.0
2025-03-04,Battalion_C,aviation,78.99
2025-03-04,Battalion_A,comms,72.55
2025-03-04,Battalion_B,comms,74.35
2025-03-04,Battalion_C,comms,82.68
2025-03-05,Battalion_A,wheeled,74.85
2025-03-05,Battalion_B,wheeled,85.19
2025-03-05,Battalion_C,wheeled,83.21
2025-03-05,Battalion_A,tracked,66.03
2025-03-05,Battalion_B,tracked,72.71
2025-03-05,Battalion_C,tracked,80.64
2025-03-05,Battalion_A,aviation,84.24
2025-03-05,Battalion_B,aviation,69.0
2025-03-05,Battalion_C,aviation,94.57
2025-03-05,Battalion_A,comms,71.03
2025-03-05,Battalion_B,comms,75.84
2025-03-05,Battalion_C,comms,83.86
2025-03-06,Battalion_A,wheeled,72.99
2025-03-06,Battalion_B,wheeled,78.82
2025-03-06,Battalion_C,wheeled,81.46
2025-03-06,Battalion_A,tracked,71.01
2025-03-06,Battalion_B,tracked,72.98
2025-03-06,Battalion_C,tracked,75.82
2025-03-06,Battalion_A,aviation,79.78
2025-03-06,Battalion_B,aviation,68.68
2025-03-06,Battalion_C,aviation,100.0
2025-03-06,Battalion_A,comms,72.07
2025-03-06,Battalion_B,comms,79.99
2025-03-06,Battalion_C,comms,82.27
2025-03-07,Battalion_A,wheeled,76.86
2025-03-07,Battalion_B,wheeled,68.77
2025-03-07,Battalion_C,wheeled,82.3
2025-03-07,Battalion_A,tracked,75.43
2025-03-07,Battalion_B,tracked,78.17
2025-03-07,Battalion_C,tracked,81.3
2025-03-07,Battalion_A,aviation,72.08
2025-03-07,Battalion_B,aviation,60.26
2025-03-07,Battalion_C,aviation,86.65
2025-03-07,Battalion_A,comms,72.16
2025-03-07,Battalion_B,comms,76.21
2025-03-07,Battalion_C,comms,81.4
2025-03-08,Battalion_A,wheeled,71.57
2025-03-08,Battalion_B,wheeled,68.1
2025-03-08,Battalion_C,wheeled,83.45
2025-03-08,Battalion_A,tracked,70.52
2025-03-08,Battalion_B,tracked,74.55
2025-03-08,Battalion_C,tracked,83.69
2025-03-08,Battalion_A,aviation,77.91
2025-03-08,Battalion_B,aviation,81.36
2025-03-08,Battalion_C,aviation,82.12
2025-03-08,Battalion_A,comms,72.35
2025-03-08,Battalion_B,comms,70.41
2025-03-08,Battalion_C,comms,83.4
2025-03-09,Battalion_A,wheeled,76.42
2025-03-09,Battalion_B,wheeled,73.0
2025-03-09,Battalion_C,wheeled,79.82
2025-03-09,Battalion_A,tracked,72.45
2025-03-09,Battalion_B,tracked,72.23
2025-03-09,Battalion_C,tracked,81.44
2025-03-09,Battalion_A,aviation,56.49
2025-03-09,Battalion_B,aviation,80.13
2025-03-09,Battalion_C,aviation,74.66
2025-03-09,Battalion_A,comms,70.48
2025-03-09,Battalion_B,comms,75.77
2025-03-09,Battalion_C,comms,82.27
2025-03-10,Battalion_A,wheeled,73.33
2025-03-10,Battalion_B,wheeled,71.55
2025-03-10,Battalion_C,wheeled,79.68
2025-03-10,Battalion_A,tracked,77.97
2025-03-10,Battalion_B,tracked,78.41
2025-03-10,Battalion_C,tracked,82.43
2025-03-10,Battalion_A,aviation,63.18
2025-03-10,Battalion_B,aviation,97.88
2025-03-10,Battalion_C,aviation,65.39
2025-03-10,Battalion_A,comms,71.45
2025-03-10,Battalion_B,comms,79.2
2025-03-10,Battalion_C,comms,82.86
2025-03-11,Battalion_A,wheeled,70.69
2025-03-11,Battalion_B,wheeled,71.24
2025-03-11,Battalion_C,wheeled,86.4
2025-03-11,Battalion_A,tracked,73.58
2025-03-11,Battalion_B,tracked,81.68
2025-03-11,Battalion_C,tracked,86.23
2025-03-11,Battalion_A,aviation,74.47
2025-03-11,Battalion_B,aviation,82.71
2025-03-11,Battalion_C,aviation,83.15
2025-03-11,Battalion_A,comms,73.36
2025-03-11,Battalion_B,comms,73.05
2025-03-11,Battalion_C,comms,79.44
2025-03-12,Battalion_A,wheeled,72.27
2025-03-12,Battalion_B,wheeled,71.11
2025-03-12,Battalion_C,wheeled,81.4
2025-03-12,Battalion_A,tracked,74.28
2025-03-12,Battalion_B,tracked,82.75
2025-03-12,Battalion_C,tracked,82.68
2025-03-12,Battalion_A,aviation,74.94
2025-03-12,Battalion_B,aviation,65.24
2025-03-12,Battalion_C,aviation,76.27
2025-03-12,Battalion_A,comms,73.69
2025-03-12,Battalion_B,comms,73.47
2025-03-12,Battalion_C,comms,83.81
2025-03-13,Battalion_A,wheeled,71.44
2025-03-13,Battalion_B,wheeled,73.03
2025-03-13,Battalion_C,wheeled,82.87
2025-03-13,Battalion_A,tracked,72.76
2025-03-13,Battalion_B,tracked,74.33
2025-03-13,Battalion_C,tracked,82.66
2025-03-13,Battalion_A,aviation,76.33
2025-03-13,Battalion_B,aviation,60.72
2025-03-13,Battalion_C,aviation,74.24
2025-03-13,Battalion_A,comms,73.56
2025-03-13,Battalion_B,comms,74.13
2025-03-13,Battalion_C,comms,81.1
2025-03-14,Battalion_A,wheeled,71.33
2025-03-14,Battalion_B,wheeled,74.12
2025-03-14,Battalion_C,wheeled,83.07
2025-03-14,Battalion_A,tracked,70.98
2025-03-14,Battalion_B,tracked,70.39
2025-03-14,Battalion_C,tracked,82.28
2025-03-14,Battalion_A,aviation,66.96
2025-03-14,Battalion_B,aviation,78.12
2025-03-14,Battalion_C,aviation,81.3
2025-03-14,Battalion_A,comms,73.09
2025-03-14,Battalion_B,comms,75.08
2025-03-14,Battalion_C,comms,79.4
2025-03-15,Battalion_A,wheeled,74.18
2025-03-15,Battalion_B,wheeled,77.35
2025-03-15,Battalion_C,wheeled,76.46
2025-03-15,Battalion_A,tracked,70.89
2025-03-15,Battalion_B,tracked,68.29
2025-03-15,Battalion_C,tracked,79.9
2025-03-15,Battalion_A,aviation,80.58
2025-03-15,Battalion_B,aviation,43.91
2025-03-15,Battalion_C,aviation,72.96
2025-03-15,Battalion_A,comms,73.51
2025-03-15,Battalion_B,comms,77.85
2025-03-15,Battalion_C,comms,80.34
2025-03-16,Battalion_A,wheeled,74.32
2025-03-16,Battalion_B,wheeled,71.15
2025-03-16,Battalion_C,wheeled,85.37
2025-03-16,Battalion_A,tracked,75.21
2025-03-16,Battalion_B,tracked,73.36
2025-03-16,Battalion_C,tracked,78.69
2025-03-16,Battalion_A,aviation,84.29
2025-03-16,Battalion_B,aviation,53.98
2025-03-16,Battalion_C,aviation,76.68
2025-03-16,Battalion_A,comms,70.77
2025-03-16,Battalion_B,comms,79.59
2025-03-16,Battalion_C,comms,83.3
2025-03-17,Battalion_A,wheeled,75.37
2025-03-17,Battalion_B,wheeled,87.76
2025-03-17,Battalion_C,wheeled,85.12
2025-03-17,Battalion_A,tracked,71.89
2025-03-17,Battalion_B,tracked,79.6
2025-03-17,Battalion_C,tracked,83.41
2025-03-17,Battalion_A,aviation,81.22
2025-03-17,Battalion_B,aviation,73.43
2025-03-17,Battalion_C,aviation,92.78
2025-03-17,Battalion_A,comms,72.65
2025-03-17,Battalion_B,comms,76.46
2025-03-17,Battalion_C,comms,80.54
2025-03-18,Battalion_A,wheeled,76.48
2025-03-18,Battalion_B,wheeled,69.11
2025-03-18,Battalion_C,wheeled,83.32
2025-03-18,Battalion_A,tracked,73.74
2025-03-18,Battalion_B,tracked,70.56
2025-03-18,Battalion_C,tracked,82.85
2025-03-18,Battalion_A,aviation,71.28
2025-03-18,Battalion_B,aviation,96.84
2025-03-18,Battalion_C,aviation,91.36
2025-03-18,Battalion_A,comms,70.85
2025-03-18,Battalion_B,comms,71.74
2025-03-18,Battalion_C,comms,80.24
2025-03-19,Battalion_A,wheeled,70.96
2025-03-19,Battalion_B,wheeled,77.5
2025-03-19,Battalion_C,wheeled,83.08
2025-03-19,Battalion_A,tracked,75.44
2025-03-19,Battalion_B,tracked,75.78
2025-03-19,Battalion_C,tracked,75.57
2025-03-19,Battalion_A,aviation,81.94
2025-03-19,Battalion_B,aviation,63.31
2025-03-19,Battalion_C,aviation,86.78
2025-03-19,Battalion_A,comms,73.5
2025-03-19,Battalion_B,comms,71.64
2025-03-19,Battalion_C,comms,81.18
2025-03-20,Battalion_A,wheeled,71.15
2025-03-20,Battalion_B,wheeled,77.61
2025-03-20,Battalion_C,wheeled,78.73
2025-03-20,Battalion_A,tracked,73.12
2025-03-20,Battalion_B,tracked,79.88
2025-03-20,Battalion_C,tracked,81.93
2025-03-20,Battalion_A,aviation,79.59
2025-03-20,Battalion_B,aviation,96.53
2025-03-20,Battalion_C,aviation,80.68
2025-03-20,Battalion_A,comms,72.42
2025-03-20,Battalion_B,comms,77.59
2025-03-20,Battalion_C,comms,80.6
2025-03-21,Battalion_A,wheeled,73.12
2025-03-21,Battalion_B,wheeled,83.25
2025-03-21,Battalion_C,wheeled,85.18
2025-03-21,Battalion_A,tracked,70.31
2025-03-21,Battalion_B,tracked,86.43
2025-03-21,Battalion_C,tracked,82.01
2025-03-21,Battalion_A,aviation,70.73
2025-03-21,Battalion_B,aviation,90.33
2025-03-21,Battalion_C,aviation,69.1
2025-03-21,Battalion_A,comms,72.98
2025-03-21,Battalion_B,comms,81.17
2025-03-21,Battalion_C,comms,83.18
2025-03-22,Battalion_A,wheeled,76.49
2025-03-22,Battalion_B,wheeled,85.11
2025-03-22,Battalion_C,wheeled,77.9
2025-03-22,Battalion_A,tracked,74.54
2025-03-22,Battalion_B,tracked,74.21
2025-03-22,Battalion_C,tracked,83.98
2025-03-22,Battalion_A,aviation,69.75
2025-03-22,Battalion_B,aviation,64.78
2025-03-22,Battalion_C,aviation,84.98
2025-03-22,Battalion_A,comms,75.61
2025-03-22,Battalion_B,comms,74.64
2025-03-22,Battalion_C,comms,78.87
2025-03-23,Battalion_A,wheeled,75.43
2025-03-23,Battalion_B,wheeled,68.13
2025-03-23,Battalion_C,wheeled,80.2
2025-03-23,Battalion_A,tracked,72.8
2025-03-23,Battalion_B,tracked,72.22
2025-03-23,Battalion_C,tracked,84.13
2025-03-23,Battalion_A,aviation,83.22
2025-03-23,Battalion_B,aviation,100.0
2025-03-23,Battalion_C,aviation,82.78
2025-03-23,Battalion_A,comms,72.69
2025-03-23,Battalion_B,comms,77.5
2025-03-23,Battalion_C,comms,84.03
2025-03-24,Battalion_A,wheeled,73.77
2025-03-24,Battalion_B,wheeled,71.76
2025-03-24,Battalion_C,wheeled,77.04
2025-03-24,Battalion_A,tracked,74.5
2025-03-24,Battalion_B,tracked,73.59
2025-03-24,Battalion_C,tracked,79.42
2025-03-24,Battalion_A,aviation,77.21
2025-03-24,Battalion_B,aviation,53.76
2025-03-24,Battalion_C,aviation,78.63
2025-03-24,Battalion_A,comms,72.41
2025-03-24,Battalion_B,comms,78.55
2025-03-24,Battalion_C,comms,81.62
2025-03-25,Battalion_A,wheeled,71.99
2025-03-25,Battalion_B,wheeled,73.26
2025-03-25,Battalion_C,wheeled,83.14
2025-03-25,Battalion_A,tracked,70.61
2025-03-25,Battalion_B,tracked,72.81
2025-03-25,Battalion_C,tracked,82.52
2025-03-25,Battalion_A,aviation,83.51
2025-03-25,Battalion_B,aviation,54.54
2025-03-25,Battalion_C,aviation,78.86
2025-03-25,Battalion_A,comms,71.89
2025-03-25,Battalion_B,comms,73.31
2025-03-25,Battalion_C,comms,81.9
2025-03-26,Battalion_A,wheeled,68.42
2025-03-26,Battalion_B,wheeled,69.32
2025-03-26,Battalion_C,wheeled,83.09
2025-03-26,Battalion_A,tracked,70.25
2025-03-26,Battalion_B,tracked,72.83
2025-03-26,Battalion_C,tracked,79.51
2025-03-26,Battalion_A,aviation,71.71
2025-03-26,Battalion_B,aviation,77.17
2025-03-26,Battalion_C,aviation,83.87
2025-03-26,Battalion_A,comms,70.56
2025-03-26,Battalion_B,comms,83.25
2025-03-26,Battalion_C,comms,81.47
2025-03-27,Battalion_A,wheeled,71.48
2025-03-27,Battalion_B,wheeled,69.58
2025-03-27,Battalion_C,wheeled,82.78
2025-03-27,Battalion_A,tracked,73.22
2025-03-27,Battalion_B,tracked,76.81
2025-03-27,Battalion_C,tracked,79.25
2025-03-27,Battalion_A,aviation,84.35
2025-03-27,Battalion_B,aviation,69.1
2025-03-27,Battalion_C,aviation,74.36
2025-03-27,Battalion_A,comms,73.79
2025-03-27,Battalion_B,comms,73.34
2025-03-27,Battalion_C,comms,82.19
2025-03-28,Battalion_A,wheeled,70.22
2025-03-28,Battalion_B,wheeled,76.56
2025-03-28,Battalion_C,wheeled,82.13
2025-03-28,Battalion_A,tracked,70.91
2025-03-28,Battalion_B,tracked,80.99
2025-03-28,Battalion_C,tracked,83.02
2025-03-28,Battalion_A,aviation,65.1
2025-03-28,Battalion_B,aviation,42.19
2025-03-28,Battalion_C,aviation,73.1
2025-03-28,Battalion_A,comms,74.7
2025-03-28,Battalion_B,comms,72.56
2025-03-28,Battalion_C,comms,80.43
2025-03-29,Battalion_A,wheeled,73.77
2025-03-29,Battalion_B,wheeled,76.14
2025-03-29,Battalion_C,wheeled,84.05
2025-03-29,Battalion_A,tracked,72.94
2025-03-29,Battalion_B,tracked,78.13
2025-03-29,Battalion_C,tracked,79.71
2025-03-29,Battalion_A,aviation,69.11
2025-03-29,Battalion_B,aviation,34.03
2025-03-29,Battalion_C,aviation,79.82
2025-03-29,Battalion_A,comms,74.02
2025-03-29,Battalion_B,comms,75.78
2025-03-29,Battalion_C,comms,78.0
2025-03-30,Battalion_A,wheeled,74.47
2025-03-30,Battalion_B,wheeled,66.54
2025-03-30,Battalion_C,wheeled,78.79
2025-03-30,Battalion_A,tracked,71.08
2025-03-30,Battalion_B,tracked,70.79
2025-03-30,Battalion_C,tracked,77.55
2025-03-30,Battalion_A,aviation,57.75
2025-03-30,Battalion_B,aviation,17.7
2025-03-30,Battalion_C,aviation,80.68
2025-03-30,Battalion_A,comms,74.8
2025-03-30,Battalion_B,comms,74.23
2025-03-30,Battalion_C,comms,81.43
2025-03-31,Battalion_A,wheeled,72.61
2025-03-31,Battalion_B,wheeled,68.71
2025-03-31,Battalion_C,wheeled,82.33
2025-03-31,Battalion_A,tracked,77.03
2025-03-31,Battalion_B,tracked,76.34
2025-03-31,Battalion_C,tracked,84.19
2025-03-31,Battalion_A,aviation,77.07
2025-03-31,Battalion_B,aviation,32.5
2025-03-31,Battalion_C,aviation,76.66
2025-03-31,Battalion_A,comms,71.71
2025-03-31,Battalion_B,comms,79.06
2025-03-31,Battalion_C,comms,78.77
2025-04-01,Battalion_A,wheeled,74.23
2025-04-01,Battalion_B,wheeled,72.79
2025-04-01,Battalion_C,wheeled,81.97
2025-04-01,Battalion_A,tracked,74.08
2025-04-01,Battalion_B,tracked,74.38
2025-04-01,Battalion_C,tracked,85.65
2025-04-01,Battalion_A,aviation,73.74
2025-04-01,Battalion_B,aviation,62.32
2025-04-01,Battalion_C,aviation,78.02
2025-04-01,Battalion_A,comms,72.1
2025-04-01,Battalion_B,comms,77.97
2025-04-01,Battalion_C,comms,81.86
2025-04-02,Battalion_A,wheeled,73.31
2025-04-02,Battalion_B,wheeled,70.72
2025-04-02,Battalion_C,wheeled,81.51
2025-04-02,Battalion_A,tracked,71.19
2025-04-02,Battalion_B,tracked,74.65
2025-04-02,Battalion_C,tracked,83.17
2025-04-02,Battalion_A,aviation,78.73
2025-04-02,Battalion_B,aviation,56.85
2025-04-02,Battalion_C,aviation,88.16
2025-04-02,Battalion_A,comms,71.89
2025-04-02,Battalion_B,comms,76.35
2025-04-02,Battalion_C,comms,80.89
2025-04-03,Battalion_A,wheeled,75.22
2025-04-03,Battalion_B,wheeled,71.23
2025-04-03,Battalion_C,wheeled,82.38
2025-04-03,Battalion_A,tracked,71.6
2025-04-03,Battalion_B,tracked,74.38
2025-04-03,Battalion_C,tracked,81.85
2025-04-03,Battalion_A,aviation,76.06
2025-04-03,Battalion_B,aviation,66.38
2025-04-03,Battalion_C,aviation,83.58
2025-04-03,Battalion_A,comms,74.88
2025-04-03,Battalion_B,comms,67.6
2025-04-03,Battalion_C,comms,79.68
2025-04-04,Battalion_A,wheeled,71.77
2025-04-04,Battalion_B,wheeled,76.15
2025-04-04,Battalion_C,wheeled,80.28
2025-04-04,Battalion_A,tracked,69.21
2025-04-04,Battalion_B,tracked,66.2
2025-04-04,Battalion_C,tracked,81.3
2025-04-04,Battalion_A,aviation,78.49
2025-04-04,Battalion_B,aviation,100.0
2025-04-04,Battalion_C,aviation,87.42
2025-04-04,Battalion_A,comms,73.49
2025-04-04,Battalion_B,comms,75.16
2025-04-04,Battalion_C,comms,80.12
2025-04-05,Battalion_A,wheeled,73.71
2025-04-05,Battalion_B,wheeled,69.23
2025-04-05,Battalion_C,wheeled,81.07
2025-04-05,Battalion_A,tracked,72.43
2025-04-05,Battalion_B,tracked,68.34
2025-04-05,Battalion_C,tracked,78.67
2025-04-05,Battalion_A,aviation,56.46
2025-04-05,Battalion_B,aviation,100.0
2025-04-05,Battalion_C,aviation,79.35
2025-04-05,Battalion_A,comms,73.78
2025-04-05,Battalion_B,comms,76.13
2025-04-05,Battalion_C,comms,82.38
2025-04-06,Battalion_A,wheeled,75.3
2025-04-06,Battalion_B,wheeled,75.39
2025-04-06,Battalion_C,wheeled,81.62
2025-04-06,Battalion_A,tracked,72.13
2025-04-06,Battalion_B,tracked,71.1
2025-04-06,Battalion_C,tracked,77.83
2025-04-06,Battalion_A,aviation,73.63
2025-04-06,Battalion_B,aviation,100.0
2025-04-06,Battalion_C,aviation,78.62
2025-04-06,Battalion_A,comms,74.2
2025-04-06,Battalion_B,comms,71.28
2025-04-06,Battalion_C,comms,82.31
2025-04-07,Battalion_A,wheeled,75.44
2025-04-07,Battalion_B,wheeled,83.08
2025-04-07,Battalion_C,wheeled,80.45
2025-04-07,Battalion_A,tracked,75.56
2025-04-07,Battalion_B,tracked,73.83
2025-04-07,Battalion_C,tracked,77.61
2025-04-07,Battalion_A,aviation,64.81
2025-04-07,Battalion_B,aviation,100.0
2025-04-07,Battalion_C,aviation,88.27
2025-04-07,Battalion_A,comms,73.55
2025-04-07,Battalion_B,comms,77.88
2025-04-07,Battalion_C,comms,80.12
2025-04-08,Battalion_A,wheeled,75.46
2025-04-08,Battalion_B,wheeled,86.26
2025-04-08,Battalion_C,wheeled,82.68
2025-04-08,Battalion_A,tracked,72.38
2025-04-08,Battalion_B,tracked,76.36
2025-04-08,Battalion_C,tracked,84.91
2025-04-08,Battalion_A,aviation,82.47
2025-04-08,Battalion_B,aviation,98.9
2025-04-08,Battalion_C,aviation,76.8
2025-04-08,Battalion_A,comms,73.14
2025-04-08,Battalion_B,comms,71.36
2025-04-08,Battalion_C,comms,82.53
2025-04-09,Battalion_A,wheeled,77.65
2025-04-09,Battalion_B,wheeled,77.38
2025-04-09,Battalion_C,wheeled,80.8
2025-04-09,Battalion_A,tracked,76.76
2025-04-09,Battalion_B,tracked,94.29
2025-04-09,Battalion_C,tracked,83.32
2025-04-09,Battalion_A,aviation,67.55
2025-04-09,Battalion_B,aviation,50.22
2025-04-09,Battalion_C,aviation,93.03
2025-04-09,Battalion_A,comms,73.96
2025-04-09,Battalion_B,comms,71.82
2025-04-09,Battalion_C,comms,81.62
2025-04-10,Battalion_A,wheeled,71.55
2025-04-10,Battalion_B,wheeled,73.34
2025-04-10,Battalion_C,wheeled,82.62
2025-04-10,Battalion_A,tracked,76.88
2025-04-10,Battalion_B,tracked,71.39
2025-04-10,Battalion_C,tracked,79.31
2025-04-10,Battalion_A,aviation,67.5
2025-04-10,Battalion_B,aviation,49.95
2025-04-10,Battalion_C,aviation,79.49
2025-04-10,Battalion_A,comms,75.74
2025-04-10,Battalion_B,comms,79.6
2025-04-10,Battalion_C,comms,83.0
2025-04-11,Battalion_A,wheeled,76.28
2025-04-11,Battalion_B,wheeled,79.88
2025-04-11,Battalion_C,wheeled,81.56
2025-04-11,Battalion_A,tracked,74.59
2025-04-11,Battalion_B,tracked,78.27
2025-04-11,Battalion_C,tracked,81.86
2025-04-11,Battalion_A,aviation,75.7
2025-04-11,Battalion_B,aviation,89.85
2025-04-11,Battalion_C,aviation,75.52
2025-04-11,Battalion_A,comms,73.61
2025-04-11,Battalion_B,comms,74.1
2025-04-11,Battalion_C,comms,79.63
2025-04-12,Battalion_A,wheeled,76.07
2025-04-12,Battalion_B,wheeled,76.44
2025-04-12,Battalion_C,wheeled,82.02
2025-04-12,Battalion_A,tracked,79.41
2025-04-12,Battalion_B,tracked,74.78
2025-04-12,Battalion_C,tracked,80.96
2025-04-12,Battalion_A,aviation,65.56
2025-04-12,Battalion_B,aviation,36.6
2025-04-12,Battalion_C,aviation,86.87
2025-04-12,Battalion_A,comms,71.88
2025-04-12,Battalion_B,comms,75.96
2025-04-12,Battalion_C,comms,81.33
2025-04-13,Battalion_A,wheeled,70.64
2025-04-13,Battalion_B,wheeled,74.41
2025-04-13,Battalion_C,wheeled,82.01
2025-04-13,Battalion_A,tracked,74.99
2025-04-13,Battalion_B,tracked,77.21
2025-04-13,Battalion_C,tracked,88.2
2025-04-13,Battalion_A,aviation,71.29
2025-04-13,Battalion_B,aviation,96.42
2025-04-13,Battalion_C,aviation,84.79
2025-04-13,Battalion_A,comms,74.39
2025-04-13,Battalion_B,comms,78.01
2025-04-13,Battalion_C,comms,81.08
2025-04-14,Battalion_A,wheeled,74.44
2025-04-14,Battalion_B,wheeled,70.9
2025-04-14,Battalion_C,wheeled,80.68
2025-04-14,Battalion_A,tracked,72.77
2025-04-14,Battalion_B,tracked,75.1
2025-04-14,Battalion_C,tracked,79.98
2025-04-14,Battalion_A,aviation,80.94
2025-04-14,Battalion_B,aviation,51.34
2025-04-14,Battalion_C,aviation,84.35
2025-04-14,Battalion_A,comms,75.12
2025-04-14,Battalion_B,comms,70.17
2025-04-14,Battalion_C,comms,81.54
2025-04-15,Battalion_A,wheeled,74.57
2025-04-15,Battalion_B,wheeled,73.47
2025-04-15,Battalion_C,wheeled,81.22
2025-04-15,Battalion_A,tracked,72.47
2025-04-15,Battalion_B,tracked,62.01
2025-04-15,Battalion_C,tracked,84.45
2025-04-15,Battalion_A,aviation,72.85
2025-04-15,Battalion_B,aviation,94.56
2025-04-15,Battalion_C,aviation,89.2
2025-04-15,Battalion_A,comms,71.76
2025-04-15,Battalion_B,comms,71.03
2025-04-15,Battalion_C,comms,78.56
2025-04-16,Battalion_A,wheeled,76.31
2025-04-16,Battalion_B,wheeled,80.03
2025-04-16,Battalion_C,wheeled,85.14
2025-04-16,Battalion_A,tracked,76.12
2025-04-16,Battalion_B,tracked,78.49
2025-04-16,Battalion_C,tracked,82.87
2025-04-16,Battalion_A,aviation,61.85
2025-04-16,Battalion_B,aviation,55.56
2025-04-16,Battalion_C,aviation,78.49
2025-04-16,Battalion_A,comms,73.12
2025-04-16,Battalion_B,comms,72.43
2025-04-16,Battalion_C,comms,81.66
2025-04-17,Battalion_A,wheeled,77.0
2025-04-17,Battalion_B,wheeled,76.37
2025-04-17,Battalion_C,wheeled,83.5
2025-04-17,Battalion_A,tracked,68.3
2025-04-17,Battalion_B,tracked,84.58
2025-04-17,Battalion_C,tracked,84.77
2025-04-17,Battalion_A,aviation,80.26
2025-04-17,Battalion_B,aviation,88.41
2025-04-17,Battalion_C,aviation,86.63
2025-04-17,Battalion_A,comms,74.35
2025-04-17,Battalion_B,comms,72.7
2025-04-17,Battalion_C,comms,82.81
2025-04-18,Battalion_A,wheeled,72.56
2025-04-18,Battalion_B,wheeled,67.32
2025-04-18,Battalion_C,wheeled,78.34
2025-04-18,Battalion_A,tracked,72.56
2025-04-18,Battalion_B,tracked,84.22
2025-04-18,Battalion_C,tracked,80.11
2025-04-18,Battalion_A,aviation,68.93
2025-04-18,Battalion_B,aviation,95.69
2025-04-18,Battalion_C,aviation,79.53
2025-04-18,Battalion_A,comms,73.42
2025-04-18,Battalion_B,comms,73.51
2025-04-18,Battalion_C,comms,79.66
2025-04-19,Battalion_A,wheeled,72.4
2025-04-19,Battalion_B,wheeled,81.19
2025-04-19,Battalion_C,wheeled,77.73
2025-04-19,Battalion_A,tracked,77.26
2025-04-19,Battalion_B,tracked,57.68
2025-04-19,Battalion_C,tracked,77.94
2025-04-19,Battalion_A,aviation,84.92
2025-04-19,Battalion_B,aviation,84.66
2025-04-19,Battalion_C,aviation,89.18
2025-04-19,Battalion_A,comms,76.53
2025-04-19,Battalion_B,comms,79.52
2025-04-19,Battalion_C,comms,78.17
2025-04-20,Battalion_A,wheeled,76.22
2025-04-20,Battalion_B,wheeled,77.64
2025-04-20,Battalion_C,wheeled,80.87
2025-04-20,Battalion_A,tracked,80.76
2025-04-20,Battalion_B,tracked,79.22
2025-04-20,Battalion_C,tracked,81.12
2025-04-20,Battalion_A,aviation,69.09
2025-04-20,Battalion_B,aviation,59.07
2025-04-20,Battalion_C,aviation,81.41
2025-04-20,Battalion_A,comms,75.8
2025-04-20,Battalion_B,comms,76.29
2025-04-20,Battalion_C,comms,79.02
2025-04-21,Battalion_A,wheeled,75.54
2025-04-21,Battalion_B,wheeled,70.73
2025-04-21,Battalion_C,wheeled,82.27
2025-04-21,Battalion_A,tracked,76.18
2025-04-21,Battalion_B,tracked,73.34
2025-04-21,Battalion_C,tracked,79.59
2025-04-21,Battalion_A,aviation,65.49
2025-04-21,Battalion_B,aviation,88.36
2025-04-21,Battalion_C,aviation,84.04
2025-04-21,Battalion_A,comms,74.19
2025-04-21,Battalion_B,comms,70.87
2025-04-21,Battalion_C,comms,79.27
2025-04-22,Battalion_A,wheeled,73.43
2025-04-22,Battalion_B,wheeled,80.61
2025-04-22,Battalion_C,wheeled,81.31
2025-04-22,Battalion_A,tracked,77.82
2025-04-22,Battalion_B,tracked,80.65
2025-04-22,Battalion_C,tracked,79.79
2025-04-22,Battalion_A,aviation,79.58
2025-04-22,Battalion_B,aviation,79.75
2025-04-22,Battalion_C,aviation,70.68
2025-04-22,Battalion_A,comms,74.77
2025-04-22,Battalion_B,comms,71.9
2025-04-22,Battalion_C,comms,79.35
2025-04-23,Battalion_A,wheeled,72.52
2025-04-23,Battalion_B,wheeled,68.38
2025-04-23,Battalion_C,wheeled,83.03
2025-04-23,Battalion_A,tracked,77.04
2025-04-23,Battalion_B,tracked,76.01
2025-04-23,Battalion_C,tracked,82.73
2025-04-23,Battalion_A,aviation,84.21
2025-04-23,Battalion_B,aviation,29.71
2025-04-23,Battalion_C,aviation,77.95
2025-04-23,Battalion_A,comms,76.03
2025-04-23,Battalion_B,comms,74.66
2025-04-23,Battalion_C,comms,80.05
2025-04-24,Battalion_A,wheeled,74.88
2025-04-24,Battalion_B,wheeled,77.36
2025-04-24,Battalion_C,wheeled,79.8
2025-04-24,Battalion_A,tracked,70.4
2025-04-24,Battalion_B,tracked,81.72
2025-04-24,Battalion_C,tracked,82.6
2025-04-24,Battalion_A,aviation,81.37
2025-04-24,Battalion_B,aviation,100.0
2025-04-24,Battalion_C,aviation,73.54
2025-04-24,Battalion_A,comms,75.35
2025-04-24,Battalion_B,comms,76.17
2025-04-24,Battalion_C,comms,78.12
2025-04-25,Battalion_A,wheeled,75.97
2025-04-25,Battalion_B,wheeled,78.24
2025-04-25,Battalion_C,wheeled,83.84
2025-04-25,Battalion_A,tracked,72.24
2025-04-25,Battalion_B,tracked,65.88
2025-04-25,Battalion_C,tracked,78.15
2025-04-25,Battalion_A,aviation,63.19
2025-04-25,Battalion_B,aviation,83.97
2025-04-25,Battalion_C,aviation,84.57
2025-04-25,Battalion_A,comms,74.14
2025-04-25,Battalion_B,comms,70.39
2025-04-25,Battalion_C,comms,80.44
2025-04-26,Battalion_A,wheeled,78.86
2025-04-26,Battalion_B,wheeled,78.52
2025-04-26,Battalion_C,wheeled,81.62
2025-04-26,Battalion_A,tracked,71.96
2025-04-26,Battalion_B,tracked,60.93
2025-04-26,Battalion_C,tracked,80.11
2025-04-26,Battalion_A,aviation,79.04
2025-04-26,Battalion_B,aviation,98.59
2025-04-26,Battalion_C,aviation,79.89
2025-04-26,Battalion_A,comms,73.62
2025-04-26,Battalion_B,comms,71.14
2025-04-26,Battalion_C,comms,81.72
2025-04-27,Battalion_A,wheeled,76.2
2025-04-27,Battalion_B,wheeled,71.02
2025-04-27,Battalion_C,wheeled,76.2
2025-04-27,Battalion_A,tracked,79.06
2025-04-27,Battalion_B,tracked,84.15
2025-04-27,Battalion_C,tracked,78.23
2025-04-27,Battalion_A,aviation,71.4
2025-04-27,Battalion_B,aviation,100.0
2025-04-27,Battalion_C,aviation,89.01
2025-04-27,Battalion_A,comms,74.14
2025-04-27,Battalion_B,comms,77.59
2025-04-27,Battalion_C,comms,81.52
2025-04-28,Battalion_A,wheeled,73.46
2025-04-28,Battalion_B,wheeled,67.1
2025-04-28,Battalion_C,wheeled,79.4
2025-04-28,Battalion_A,tracked,78.19
2025-04-28,Battalion_B,tracked,81.32
2025-04-28,Battalion_C,tracked,77.32
2025-04-28,Battalion_A,aviation,84.89
2025-04-28,Battalion_B,aviation,63.84
2025-04-28,Battalion_C,aviation,83.74
2025-04-28,Battalion_A,comms,76.49
2025-04-28,Battalion_B,comms,74.13
2025-04-28,Battalion_C,comms,81.68
2025-04-29,Battalion_A,wheeled,71.88
2025-04-29,Battalion_B,wheeled,62.54
2025-04-29,Battalion_C,wheeled,77.35
2025-04-29,Battalion_A,tracked,69.43
2025-04-29,Battalion_B,tracked,65.38
2025-04-29,Battalion_C,tracked,80.22
2025-04-29,Battalion_A,aviation,72.79
2025-04-29,Battalion_B,aviation,83.9
2025-04-29,Battalion_C,aviation,74.83
2025-04-29,Battalion_A,comms,75.9
2025-04-29,Battalion_B,comms,69.98
2025-04-29,Battalion_C,comms,79.36
2025-04-30,Battalion_A,wheeled,71.69
2025-04-30,Battalion_B,wheeled,79.11
2025-04-30,Battalion_C,wheeled,81.18
2025-04-30,Battalion_A,tracked,72.85
2025-04-30,Battalion_B,tracked,81.52
2025-04-30,Battalion_C,tracked,76.56
2025-04-30,Battalion_A,aviation,72.78
2025-04-30,Battalion_B,aviation,74.36
2025-04-30,Battalion_C,aviation,87.57
2025-04-30,Battalion_A,comms,76.34
2025-04-30,Battalion_B,comms,76.93
2025-04-30,Battalion_C,comms,82.66
2025-05-01,Battalion_A,wheeled,75.49
2025-05-01,Battalion_B,wheeled,78.48
2025-05-01,Battalion_C,wheeled,80.24
2025-05-01,Battalion_A,tracked,79.4
2025-05-01,Battalion_B,tracked,73.09
2025-05-01,Battalion_C,tracked,78.31
2025-05-01,Battalion_A,aviation,74.66
2025-05-01,Battalion_B,aviation,69.88
2025-05-01,Battalion_C,aviation,81.71
2025-05-01,Battalion_A,comms,73.97
2025-05-01,Battalion_B,comms,79.15
2025-05-01,Battalion_C,comms,78.44
2025-05-02,Battalion_A,wheeled,76.83
2025-05-02,Battalion_B,wheeled,68.82
2025-05-02,Battalion_C,wheeled,78.86
2025-05-02,Battalion_A,tracked,73.97
2025-05-02,Battalion_B,tracked,77.39
2025-05-02,Battalion_C,tracked,75.86
2025-05-02,Battalion_A,aviation,71.89
2025-05-02,Battalion_B,aviation,100.0
2025-05-02,Battalion_C,aviation,87.32
2025-05-02,Battalion_A,comms,74.0
2025-05-02,Battalion_B,comms,84.86
2025-05-02,Battalion_C,comms,79.13
2025-05-03,Battalion_A,wheeled,73.73
2025-05-03,Battalion_B,wheeled,80.85
2025-05-03,Battalion_C,wheeled,81.72
2025-05-03,Battalion_A,tracked,74.85
2025-05-03,Battalion_B,tracked,67.09
2025-05-03,Battalion_C,tracked,77.21
2025-05-03,Battalion_A,aviation,85.02
2025-05-03,Battalion_B,aviation,47.57
2025-05-03,Battalion_C,aviation,90.81
2025-05-03,Battalion_A,comms,73.46
2025-05-03,Battalion_B,comms,71.23
2025-05-03,Battalion_C,comms,78.19
2025-05-04,Battalion_A,wheeled,72.14
2025-05-04,Battalion_B,wheeled,73.04
2025-05-04,Battalion_C,wheeled,81.02
2025-05-04,Battalion_A,tracked,68.38
2025-05-04,Battalion_B,tracked,73.93
2025-05-04,Battalion_C,tracked,81.67
2025-05-04,Battalion_A,aviation,72.63
2025-05-04,Battalion_B,aviation,63.27
2025-05-04,Battalion_C,aviation,84.6
2025-05-04,Battalion_A,comms,76.34
2025-05-04,Battalion_B,comms,72.16
2025-05-04,Battalion_C,comms,81.28
2025-05-05,Battalion_A,wheeled,73.8
2025-05-05,Battalion_B,wheeled,74.08
2025-05-05,Battalion_C,wheeled,78.82
2025-05-05,Battalion_A,tracked,73.82
2025-05-05,Battalion_B,tracked,70.23
2025-05-05,Battalion_C,tracked,83.58
2025-05-05,Battalion_A,aviation,77.39
2025-05-05,Battalion_B,aviation,84.55
2025-05-05,Battalion_C,aviation,79.0
2025-05-05,Battalion_A,comms,75.22
2025-05-05,Battalion_B,comms,79.72
2025-05-05,Battalion_C,comms,79.29
2025-05-06,Battalion_A,wheeled,73.61
2025-05-06,Battalion_B,wheeled,70.06
2025-05-06,Battalion_C,wheeled,78.42
2025-05-06,Battalion_A,tracked,73.79
2025-05-06,Battalion_B,tracked,76.16
2025-05-06,Battalion_C,tracked,77.98
2025-05-06,Battalion_A,aviation,75.79
2025-05-06,Battalion_B,aviation,87.52
2025-05-06,Battalion_C,aviation,88.75
2025-05-06,Battalion_A,comms,75.57
2025-05-06,Battalion_B,comms,70.98
2025-05-06,Battalion_C,comms,81.05
2025-05-07,Battalion_A,wheeled,76.06
2025-05-07,Battalion_B,wheeled,76.93
2025-05-07,Battalion_C,wheeled,80.5
2025-05-07,Battalion_A,tracked,77.06
2025-05-07,Battalion_B,tracked,72.19
2025-05-07,Battalion_C,tracked,81.43
2025-05-07,Battalion_A,aviation,75.04
2025-05-07,Battalion_B,aviation,50.41
2025-05-07,Battalion_C,aviation,94.99
2025-05-07,Battalion_A,comms,74.81
2025-05-07,Battalion_B,comms,75.5
2025-05-07,Battalion_C,comms,80.06
2025-05-08,Battalion_A,wheeled,73.85
2025-05-08,Battalion_B,wheeled,70.26
2025-05-08,Battalion_C,wheeled,82.33
2025-05-08,Battalion_A,tracked,72.97
2025-05-08,Battalion_B,tracked,63.57
2025-05-08,Battalion_C,tracked,75.7
2025-05-08,Battalion_A,aviation,72.02
2025-05-08,Battalion_B,aviation,58.96
2025-05-08,Battalion_C,aviation,96.7
2025-05-08,Battalion_A,comms,73.09
2025-05-08,Battalion_B,comms,71.48
2025-05-08,Battalion_C,comms,81.29
2025-05-09,Battalion_A,wheeled,74.06
2025-05-09,Battalion_B,wheeled,85.77
2025-05-09,Battalion_C,wheeled,80.88
2025-05-09,Battalion_A,tracked,72.78
2025-05-09,Battalion_B,tracked,77.21
2025-05-09,Battalion_C,tracked,77.46
2025-05-09,Battalion_A,aviation,91.42
2025-05-09,Battalion_B,aviation,86.63
2025-05-09,Battalion_C,aviation,83.42
2025-05-09,Battalion_A,comms,76.64
2025-05-09,Battalion_B,comms,77.15
2025-05-09,Battalion_C,comms,79.74
2025-05-10,Battalion_A,wheeled,77.39
2025-05-10,Battalion_B,wheeled,73.31
2025-05-10,Battalion_C,wheeled,80.74
2025-05-10,Battalion_A,tracked,75.04
2025-05-10,Battalion_B,tracked,69.83
2025-05-10,Battalion_C,tracked,76.22
2025-05-10,Battalion_A,aviation,80.56
2025-05-10,Battalion_B,aviation,59.23
2025-05-10,Battalion_C,aviation,87.89
2025-05-10,Battalion_A,comms,76.13
2025-05-10,Battalion_B,comms,72.0
2025-05-10,Battalion_C,comms,76.08
2025-05-11,Battalion_A,wheeled,75.5
2025-05-11,Battalion_B,wheeled,67.88
2025-05-11,Battalion_C,wheeled,83.05
2025-05-11,Battalion_A,tracked,73.51
2025-05-11,Battalion_B,tracked,78.94
2025-05-11,Battalion_C,tracked,82.25
2025-05-11,Battalion_A,aviation,73.36
2025-05-11,Battalion_B,aviation,82.46
2025-05-11,Battalion_C,aviation,93.38
2025-05-11,Battalion_A,comms,75.93
2025-05-11,Battalion_B,comms,70.42
2025-05-11,Battalion_C,comms,79.27
2025-05-12,Battalion_A,wheeled,75.3
2025-05-12,Battalion_B,wheeled,78.83
2025-05-12,Battalion_C,wheeled,77.79
2025-05-12,Battalion_A,tracked,77.37
2025-05-12,Battalion_B,tracked,73.95
2025-05-12,Battalion_C,tracked,80.13
2025-05-12,Battalion_A,aviation,70.5
2025-05-12,Battalion_B,aviation,53.07
2025-05-12,Battalion_C,aviation,72.94
2025-05-12,Battalion_A,comms,73.47
2025-05-12,Battalion_B,comms,75.19
2025-05-12,Battalion_C,comms,77.95
2025-05-13,Battalion_A,wheeled,74.89
2025-05-13,Battalion_B,wheeled,73.15
2025-05-13,Battalion_C,wheeled,80.77
2025-05-13,Battalion_A,tracked,74.61
2025-05-13,Battalion_B,tracked,76.22
2025-05-13,Battalion_C,tracked,77.85
2025-05-13,Battalion_A,aviation,86.79
2025-05-13,Battalion_B,aviation,92.61
2025-05-13,Battalion_C,aviation,72.5
2025-05-13,Battalion_A,comms,75.7
2025-05-13,Battalion_B,comms,72.74
2025-05-13,Battalion_C,comms,78.47
2025-05-14,Battalion_A,wheeled,74.11
2025-05-14,Battalion_B,wheeled,74.43
2025-05-14,Battalion_C,wheeled,77.12
2025-05-14,Battalion_A,tracked,78.0
2025-05-14,Battalion_B,tracked,59.78
2025-05-14,Battalion_C,tracked,78.09
2025-05-14,Battalion_A,aviation,82.6
2025-05-14,Battalion_B,aviation,98.66
2025-05-14,Battalion_C,aviation,92.11
2025-05-14,Battalion_A,comms,73.8
2025-05-14,Battalion_B,comms,74.53
2025-05-14,Battalion_C,comms,78.45
2025-05-15,Battalion_A,wheeled,77.63
2025-05-15,Battalion_B,wheeled,73.02
2025-05-15,Battalion_C,wheeled,78.89
2025-05-15,Battalion_A,tracked,74.78
2025-05-15,Battalion_B,tracked,83.42
2025-05-15,Battalion_C,tracked,79.96
2025-05-15,Battalion_A,aviation,56.35
2025-05-15,Battalion_B,aviation,63.79
2025-05-15,Battalion_C,aviation,75.38
2025-05-15,Battalion_A,comms,77.56
2025-05-15,Battalion_B,comms,77.83
2025-05-15,Battalion_C,comms,79.07
2025-05-16,Battalion_A,wheeled,72.8
2025-05-16,Battalion_B,wheeled,78.76
2025-05-16,Battalion_C,wheeled,78.65
2025-05-16,Battalion_A,tracked,75.14
2025-05-16,Battalion_B,tracked,77.16
2025-05-16,Battalion_C,tracked,84.49
2025-05-16,Battalion_A,aviation,76.99
2025-05-16,Battalion_B,aviation,86.89
2025-05-16,Battalion_C,aviation,84.63
2025-05-16,Battalion_A,comms,72.47
2025-05-16,Battalion_B,comms,80.18
2025-05-16,Battalion_C,comms,77.03
2025-05-17,Battalion_A,wheeled,77.52
2025-05-17,Battalion_B,wheeled,74.8
2025-05-17,Battalion_C,wheeled,78.22
2025-05-17,Battalion_A,tracked,74.66
2025-05-17,Battalion_B,tracked,77.59
2025-05-17,Battalion_C,tracked,80.27
2025-05-17,Battalion_A,aviation,73.89
2025-05-17,Battalion_B,aviation,52.16
2025-05-17,Battalion_C,aviation,77.76
2025-05-17,Battalion_A,comms,75.99
2025-05-17,Battalion_B,comms,74.04
2025-05-17,Battalion_C,comms,79.23
2025-05-18,Battalion_A,wheeled,72.2
2025-05-18,Battalion_B,wheeled,67.68
2025-05-18,Battalion_C,wheeled,78.87
2025-05-18,Battalion_A,tracked,77.83
2025-05-18,Battalion_B,tracked,71.03
2025-05-18,Battalion_C,tracked,78.35
2025-05-18,Battalion_A,aviation,66.42
2025-05-18,Battalion_B,aviation,61.97
2025-05-18,Battalion_C,aviation,75.17
2025-05-18,Battalion_A,comms,76.33
2025-05-18,Battalion_B,comms,74.67
2025-05-18,Battalion_C,comms,79.84
2025-05-19,Battalion_A,wheeled,75.42
2025-05-19,Battalion_B,wheeled,78.54
2025-05-19,Battalion_C,wheeled,79.61
2025-05-19,Battalion_A,tracked,72.72
2025-05-19,Battalion_B,tracked,76.8
2025-05-19,Battalion_C,tracked,78.61
2025-05-19,Battalion_A,aviation,73.63
2025-05-19,Battalion_B,aviation,34.22
2025-05-19,Battalion_C,aviation,72.41
2025-05-19,Battalion_A,comms,75.71
2025-05-19,Battalion_B,comms,73.38
2025-05-19,Battalion_C,comms,81.53
2025-05-20,Battalion_A,wheeled,76.66
2025-05-20,Battalion_B,wheeled,81.1
2025-05-20,Battalion_C,wheeled,81.87
2025-05-20,Battalion_A,tracked,71.28
2025-05-20,Battalion_B,tracked,79.96
2025-05-20,Battalion_C,tracked,82.11
2025-05-20,Battalion_A,aviation,74.04
2025-05-20,Battalion_B,aviation,100.0
2025-05-20,Battalion_C,aviation,82.52
2025-05-20,Battalion_A,comms,75.7
2025-05-20,Battalion_B,comms,79.43
2025-05-20,Battalion_C,comms,79.92
2025-05-21,Battalion_A,wheeled,78.06
2025-05-21,Battalion_B,wheeled,76.29
2025-05-21,Battalion_C,wheeled,77.48
2025-05-21,Battalion_A,tracked,77.35
2025-05-21,Battalion_B,tracked,81.58
2025-05-21,Battalion_C,tracked,77.93
2025-05-21,Battalion_A,aviation,47.34
2025-05-21,Battalion_B,aviation,55.3
2025-05-21,Battalion_C,aviation,66.08
2025-05-21,Battalion_A,comms,75.92
2025-05-21,Battalion_B,comms,73.23
2025-05-21,Battalion_C,comms,80.48
2025-05-22,Battalion_A,wheeled,75.97
2025-05-22,Battalion_B,wheeled,66.95
2025-05-22,Battalion_C,wheeled,79.09
2025-05-22,Battalion_A,tracked,78.22
2025-05-22,Battalion_B,tracked,68.73
2025-05-22,Battalion_C,tracked,79.49
2025-05-22,Battalion_A,aviation,63.72
2025-05-22,Battalion_B,aviation,74.6
2025-05-22,Battalion_C,aviation,88.03
2025-05-22,Battalion_A,comms,73.29
2025-05-22,Battalion_B,comms,73.3
2025-05-22,Battalion_C,comms,79.06
2025-05-23,Battalion_A,wheeled,73.39
2025-05-23,Battalion_B,wheeled,74.52
2025-05-23,Battalion_C,wheeled,81.73
2025-05-23,Battalion_A,tracked,81.06
2025-05-23,Battalion_B,tracked,66.17
2025-05-23,Battalion_C,tracked,74.11
2025-05-23,Battalion_A,aviation,74.74
2025-05-23,Battalion_B,aviation,52.1
2025-05-23,Battalion_C,aviation,76.08
2025-05-23,Battalion_A,comms,76.37
2025-05-23,Battalion_B,comms,73.65
2025-05-23,Battalion_C,comms,79.67
2025-05-24,Battalion_A,wheeled,75.2
2025-05-24,Battalion_B,wheeled,76.08
2025-05-24,Battalion_C,wheeled,80.77
2025-05-24,Battalion_A,tracked,80.86
2025-05-24,Battalion_B,tracked,70.47
2025-05-24,Battalion_C,tracked,81.76
2025-05-24,Battalion_A,aviation,73.23
2025-05-24,Battalion_B,aviation,76.73
2025-05-24,Battalion_C,aviation,86.63
2025-05-24,Battalion_A,comms,75.44
2025-05-24,Battalion_B,comms,73.7
2025-05-24,Battalion_C,comms,77.86
2025-05-25,Battalion_A,wheeled,77.46
2025-05-25,Battalion_B,wheeled,66.67
2025-05-25,Battalion_C,wheeled,79.36
2025-05-25,Battalion_A,tracked,78.77
2025-05-25,Battalion_B,tracked,79.19
2025-05-25,Battalion_C,tracked,82.8
2025-05-25,Battalion_A,aviation,67.93
2025-05-25,Battalion_B,aviation,96.8
2025-05-25,Battalion_C,aviation,84.51
2025-05-25,Battalion_A,comms,74.09
2025-05-25,Battalion_B,comms,69.17
2025-05-25,Battalion_C,comms,81.87
2025-05-26,Battalion_A,wheeled,73.83
2025-05-26,Battalion_B,wheeled,74.52
2025-05-26,Battalion_C,wheeled,81.1
2025-05-26,Battalion_A,tracked,73.55
2025-05-26,Battalion_B,tracked,66.54
2025-05-26,Battalion_C,tracked,79.92
2025-05-26,Battalion_A,aviation,71.31
2025-05-26,Battalion_B,aviation,74.87
2025-05-26,Battalion_C,aviation,81.16
2025-05-26,Battalion_A,comms,76.2
2025-05-26,Battalion_B,comms,73.4
2025-05-26,Battalion_C,comms,78.73
2025-05-27,Battalion_A,wheeled,76.46
2025-05-27,Battalion_B,wheeled,79.37
2025-05-27,Battalion_C,wheeled,79.31
2025-05-27,Battalion_A,tracked,74.5
2025-05-27,Battalion_B,tracked,76.41
2025-05-27,Battalion_C,tracked,84.04
2025-05-27,Battalion_A,aviation,74.02
2025-05-27,Battalion_B,aviation,52.48
2025-05-27,Battalion_C,aviation,74.06
2025-05-27,Battalion_A,comms,75.87
2025-05-27,Battalion_B,comms,78.76
2025-05-27,Battalion_C,comms,81.92
2025-05-28,Battalion_A,wheeled,76.36
2025-05-28,Battalion_B,wheeled,75.21
2025-05-28,Battalion_C,wheeled,78.42
2025-05-28,Battalion_A,tracked,75.11
2025-05-28,Battalion_B,tracked,73.79
2025-05-28,Battalion_C,tracked,78.97
2025-05-28,Battalion_A,aviation,73.33
2025-05-28,Battalion_B,aviation,72.02
2025-05-28,Battalion_C,aviation,79.22
2025-05-28,Battalion_A,comms,76.72
2025-05-28,Battalion_B,comms,79.9
2025-05-28,Battalion_C,comms,78.96
2025-05-29,Battalion_A,wheeled,75.46
2025-05-29,Battalion_B,wheeled,74.62
2025-05-29,Battalion_C,wheeled,78.9
2025-05-29,Battalion_A,tracked,72.2
2025-05-29,Battalion_B,tracked,74.45
2025-05-29,Battalion_C,tracked,80.49
2025-05-29,Battalion_A,aviation,51.96
2025-05-29,Battalion_B,aviation,94.71
2025-05-29,Battalion_C,aviation,82.75
2025-05-29,Battalion_A,comms,75.14
2025-05-29,Battalion_B,comms,77.46
2025-05-29,Battalion_C,comms,77.68
2025-05-30,Battalion_A,wheeled,76.88
2025-05-30,Battalion_B,wheeled,66.1
2025-05-30,Battalion_C,wheeled,80.65
2025-05-30,Battalion_A,tracked,79.2
2025-05-30,Battalion_B,tracked,74.09
2025-05-30,Battalion_C,tracked,83.42
2025-05-30,Battalion_A,aviation,71.02
2025-05-30,Battalion_B,aviation,93.36
2025-05-30,Battalion_C,aviation,74.56
2025-05-30,Battalion_A,comms,75.27
2025-05-30,Battalion_B,comms,73.65
2025-05-30,Battalion_C,comms,79.9
2025-05-31,Battalion_A,wheeled,77.07
2025-05-31,Battalion_B,wheeled,84.47
2025-05-31,Battalion_C,wheeled,77.31
2025-05-31,Battalion_A,tracked,75.83
2025-05-31,Battalion_B,tracked,76.66
2025-05-31,Battalion_C,tracked,80.31
2025-05-31,Battalion_A,aviation,64.98
2025-05-31,Battalion_B,aviation,79.17
2025-05-31,Battalion_C,aviation,92.98
2025-05-31,Battalion_A,comms,76.54
2025-05-31,Battalion_B,comms,73.13
2025-05-31,Battalion_C,comms,79.38
2025-06-01,Battalion_A,wheeled,74.89
2025-06-01,Battalion_B,wheeled,75.29
2025-06-01,Battalion_C,wheeled,76.39
2025-06-01,Battalion_A,tracked,73.11
2025-06-01,Battalion_B,tracked,83.61
2025-06-01,Battalion_C,tracked,76.77
2025-06-01,Battalion_A,aviation,70.19
2025-06-01,Battalion_B,aviation,55.41
2025-06-01,Battalion_C,aviation,77.74
2025-06-01,Battalion_A,comms,76.27
2025-06-01,Battalion_B,comms,72.34
2025-06-01,Battalion_C,comms,79.17
2025-06-02,Battalion_A,wheeled,77.13
2025-06-02,Battalion_B,wheeled,66.64
2025-06-02,Battalion_C,wheeled,77.38
2025-06-02,Battalion_A,tracked,78.25
2025-06-02,Battalion_B,tracked,74.43
2025-06-02,Battalion_C,tracked,75.12
2025-06-02,Battalion_A,aviation,74.79
2025-06-02,Battalion_B,aviation,66.43
2025-06-02,Battalion_C,aviation,85.42
2025-06-02,Battalion_A,comms,77.26
2025-06-02,Battalion_B,comms,75.81
2025-06-02,Battalion_C,comms,82.29
2025-06-03,Battalion_A,wheeled,75.18
2025-06-03,Battalion_B,wheeled,85.01
2025-06-03,Battalion_C,wheeled,78.23
2025-06-03,Battalion_A,tracked,76.91
2025-06-03,Battalion_B,tracked,72.2
2025-06-03,Battalion_C,tracked,75.05
2025-06-03,Battalion_A,aviation,72.49
2025-06-03,Battalion_B,aviation,70.29
2025-06-03,Battalion_C,aviation,90.97
2025-06-03,Battalion_A,comms,76.13
2025-06-03,Battalion_B,comms,73.75
2025-06-03,Battalion_C,comms,78.11
2025-06-04,Battalion_A,wheeled,75.32
2025-06-04,Battalion_B,wheeled,77.21
2025-06-04,Battalion_C,wheeled,78.4
2025-06-04,Battalion_A,tracked,74.51
2025-06-04,Battalion_B,tracked,79.02
2025-06-04,Battalion_C,tracked,77.21
2025-06-04,Battalion_A,aviation,71.8
2025-06-04,Battalion_B,aviation,87.0
2025-06-04,Battalion_C,aviation,73.62
2025-06-04,Battalion_A,comms,73.79
2025-06-04,Battalion_B,comms,69.39
2025-06-04,Battalion_C,comms,80.65
2025-06-05,Battalion_A,wheeled,74.2
2025-06-05,Battalion_B,wheeled,75.53
2025-06-05,Battalion_C,wheeled,77.82
2025-06-05,Battalion_A,tracked,75.47
2025-06-05,Battalion_B,tracked,73.0
2025-06-05,Battalion_C,tracked,81.41
2025-06-05,Battalion_A,aviation,72.51
2025-06-05,Battalion_B,aviation,43.64
2025-06-05,Battalion_C,aviation,86.45
2025-06-05,Battalion_A,comms,74.38
2025-06-05,Battalion_B,comms,74.94
2025-06-05,Battalion_C,comms,77.63
2025-06-06,Battalion_A,wheeled,75.79
2025-06-06,Battalion_B,wheeled,72.18
2025-06-06,Battalion_C,wheeled,79.68
2025-06-06,Battalion_A,tracked,78.62
2025-06-06,Battalion_B,tracked,70.83
2025-06-06,Battalion_C,tracked,81.91
2025-06-06,Battalion_A,aviation,72.07
2025-06-06,Battalion_B,aviation,45.39
2025-06-06,Battalion_C,aviation,90.23
2025-06-06,Battalion_A,comms,79.44
2025-06-06,Battalion_B,comms,76.64
2025-06-06,Battalion_C,comms,79.25
2025-06-07,Battalion_A,wheeled,78.99
2025-06-07,Battalion_B,wheeled,84.03
2025-06-07,Battalion_C,wheeled,78.53
2025-06-07,Battalion_A,tracked,76.56
2025-06-07,Battalion_B,tracked,75.45
2025-06-07,Battalion_C,tracked,80.21
2025-06-07,Battalion_A,aviation,83.86
2025-06-07,Battalion_B,aviation,79.63
2025-06-07,Battalion_C,aviation,90.19
2025-06-07,Battalion_A,comms,76.0
2025-06-07,Battalion_B,comms,69.14
2025-06-07,Battalion_C,comms,78.89
2025-06-08,Battalion_A,wheeled,72.29
2025-06-08,Battalion_B,wheeled,68.06
2025-06-08,Battalion_C,wheeled,80.39
2025-06-08,Battalion_A,tracked,73.01
2025-06-08,Battalion_B,tracked,71.11
2025-06-08,Battalion_C,tracked,79.8
2025-06-08,Battalion_A,aviation,68.27
2025-06-08,Battalion_B,aviation,44.9
2025-06-08,Battalion_C,aviation,78.7
2025-06-08,Battalion_A,comms,76.63
2025-06-08,Battalion_B,comms,71.34
2025-06-08,Battalion_C,comms,78.11
2025-06-09,Battalion_A,wheeled,76.43
2025-06-09,Battalion_B,wheeled,78.03
2025-06-09,Battalion_C,wheeled,80.58
2025-06-09,Battalion_A,tracked,76.7
2025-06-09,Battalion_B,tracked,78.66
2025-06-09,Battalion_C,tracked,79.15
2025-06-09,Battalion_A,aviation,90.2
2025-06-09,Battalion_B,aviation,74.3
2025-06-09,Battalion_C,aviation,74.3
2025-06-09,Battalion_A,comms,77.48
2025-06-09,Battalion_B,comms,71.12
2025-06-09,Battalion_C,comms,78.21
2025-06-10,Battalion_A,wheeled,76.27
2025-06-10,Battalion_B,wheeled,73.12
2025-06-10,Battalion_C,wheeled,80.5
2025-06-10,Battalion_A,tracked,77.43
2025-06-10,Battalion_B,tracked,81.67
2025-06-10,Battalion_C,tracked,74.25
2025-06-10,Battalion_A,aviation,64.44
2025-06-10,Battalion_B,aviation,100.0
2025-06-10,Battalion_C,aviation,77.3
2025-06-10,Battalion_A,comms,78.35
2025-06-10,Battalion_B,comms,77.95
2025-06-10,Battalion_C,comms,82.36
2025-06-11,Battalion_A,wheeled,74.98
2025-06-11,Battalion_B,wheeled,73.24
2025-06-11,Battalion_C,wheeled,78.29
2025-06-11,Battalion_A,tracked,77.02
2025-06-11,Battalion_B,tracked,79.69
2025-06-11,Battalion_C,tracked,80.0
2025-06-11,Battalion_A,aviation,90.0
2025-06-11,Battalion_B,aviation,63.22
2025-06-11,Battalion_C,aviation,94.83
2025-06-11,Battalion_A,comms,75.55
2025-06-11,Battalion_B,comms,76.9
2025-06-11,Battalion_C,comms,77.28
2025-06-12,Battalion_A,wheeled,74.63
2025-06-12,Battalion_B,wheeled,62.79
2025-06-12,Battalion_C,wheeled,75.89
2025-06-12,Battalion_A,tracked,74.76
2025-06-12,Battalion_B,tracked,75.75
2025-06-12,Battalion_C,tracked,72.69
2025-06-12,Battalion_A,aviation,67.82
2025-06-12,Battalion_B,aviation,80.68
2025-06-12,Battalion_C,aviation,77.45
2025-06-12,Battalion_A,comms,76.23
2025-06-12,Battalion_B,comms,76.04
2025-06-12,Battalion_C,comms,79.43
2025-06-13,Battalion_A,wheeled,72.17
2025-06-13,Battalion_B,wheeled,63.05
2025-06-13,Battalion_C,wheeled,78.39
2025-06-13,Battalion_A,tracked,74.84
2025-06-13,Battalion_B,tracked,68.74
2025-06-13,Battalion_C,tracked,84.74
2025-06-13,Battalion_A,aviation,75.34
2025-06-13,Battalion_B,aviation,74.71
2025-06-13,Battalion_C,aviation,82.01
2025-06-13,Battalion_A,comms,75.47
2025-06-13,Battalion_B,comms,79.68
2025-06-13,Battalion_C,comms,80.27
2025-06-14,Battalion_A,wheeled,76.84
2025-06-14,Battalion_B,wheeled,73.21
2025-06-14,Battalion_C,wheeled,81.07
2025-06-14,Battalion_A,tracked,75.31
2025-06-14,Battalion_B,tracked,66.98
2025-06-14,Battalion_C,tracked,83.22
2025-06-14,Battalion_A,aviation,74.18
2025-06-14,Battalion_B,aviation,100.0
2025-06-14,Battalion_C,aviation,71.84
2025-06-14,Battalion_A,comms,73.5
2025-06-14,Battalion_B,comms,72.5
2025-06-14,Battalion_C,comms,79.01
2025-06-15,Battalion_A,wheeled,76.17
2025-06-15,Battalion_B,wheeled,64.89
2025-06-15,Battalion_C,wheeled,79.33
2025-06-15,Battalion_A,tracked,78.16
2025-06-15,Battalion_B,tracked,75.02
2025-06-15,Battalion_C,tracked,82.44
2025-06-15,Battalion_A,aviation,78.66
2025-06-15,Battalion_B,aviation,82.89
2025-06-15,Battalion_C,aviation,89.5
2025-06-15,Battalion_A,comms,75.46
2025-06-15,Battalion_B,comms,72.32
2025-06-15,Battalion_C,comms,77.2
2025-06-16,Battalion_A,wheeled,76.81
2025-06-16,Battalion_B,wheeled,68.78
2025-06-16,Battalion_C,wheeled,81.16
2025-06-16,Battalion_A,tracked,77.34
2025-06-16,Battalion_B,tracked,69.72
2025-06-16,Battalion_C,tracked,76.94
2025-06-16,Battalion_A,aviation,93.57
2025-06-16,Battalion_B,aviation,71.08
2025-06-16,Battalion_C,aviation,85.25
2025-06-16,Battalion_A,comms,75.31
2025-06-16,Battalion_B,comms,83.31
2025-06-16,Battalion_C,comms,78.62
2025-06-17,Battalion_A,wheeled,76.36
2025-06-17,Battalion_B,wheeled,78.48
2025-06-17,Battalion_C,wheeled,78.32
2025-06-17,Battalion_A,tracked,76.24
2025-06-17,Battalion_B,tracked,77.17
2025-06-17,Battalion_C,tracked,76.2
2025-06-17,Battalion_A,aviation,67.48
2025-06-17,Battalion_B,aviation,69.01
2025-06-17,Battalion_C,aviation,69.35
2025-06-17,Battalion_A,comms,78.04
2025-06-17,Battalion_B,comms,79.67
2025-06-17,Battalion_C,comms,82.57
2025-06-18,Battalion_A,wheeled,75.96
2025-06-18,Battalion_B,wheeled,69.74
2025-06-18,Battalion_C,wheeled,78.77
2025-06-18,Battalion_A,tracked,76.31
2025-06-18,Battalion_B,tracked,77.01
2025-06-18,Battalion_C,tracked,82.08
2025-06-18,Battalion_A,aviation,71.64
2025-06-18,Battalion_B,aviation,99.51
2025-06-18,Battalion_C,aviation,78.27
2025-06-18,Battalion_A,comms,78.56
2025-06-18,Battalion_B,comms,75.34
2025-06-18,Battalion_C,comms,80.57
2025-06-19,Battalion_A,wheeled,75.27
2025-06-19,Battalion_B,wheeled,71.89
2025-06-19,Battalion_C,wheeled,77.48
2025-06-19,Battalion_A,tracked,76.73
2025-06-19,Battalion_B,tracked,73.16
2025-06-19,Battalion_C,tracked,76.56
2025-06-19,Battalion_A,aviation,80.66
2025-06-19,Battalion_B,aviation,62.16
2025-06-19,Battalion_C,aviation,80.67
2025-06-19,Battalion_A,comms,77.43
2025-06-19,Battalion_B,comms,72.6
2025-06-19,Battalion_C,comms,78.36
2025-06-20,Battalion_A,wheeled,78.04
2025-06-20,Battalion_B,wheeled,77.33
2025-06-20,Battalion_C,wheeled,79.02
2025-06-20,Battalion_A,tracked,79.41
2025-06-20,Battalion_B,tracked,72.43
2025-06-20,Battalion_C,tracked,79.78
2025-06-20,Battalion_A,aviation,81.16
2025-06-20,Battalion_B,aviation,72.11
2025-06-20,Battalion_C,aviation,80.54
2025-06-20,Battalion_A,comms,75.88
2025-06-20,Battalion_B,comms,62.66
2025-06-20,Battalion_C,comms,78.84
2025-06-21,Battalion_A,wheeled,78.21
2025-06-21,Battalion_B,wheeled,70.11
2025-06-21,Battalion_C,wheeled,78.15
2025-06-21,Battalion_A,tracked,72.49
2025-06-21,Battalion_B,tracked,72.52
2025-06-21,Battalion_C,tracked,81.86
2025-06-21,Battalion_A,aviation,69.46
2025-06-21,Battalion_B,aviation,66.66
2025-06-21,Battalion_C,aviation,77.77
2025-06-21,Battalion_A,comms,76.31
2025-06-21,Battalion_B,comms,76.67
2025-06-21,Battalion_C,comms,77.23
2025-06-22,Battalion_A,wheeled,75.34
2025-06-22,Battalion_B,wheeled,71.02
2025-06-22,Battalion_C,wheeled,77.81
2025-06-22,Battalion_A,tracked,78.88
2025-06-22,Battalion_B,tracked,61.54
2025-06-22,Battalion_C,tracked,76.63
2025-06-22,Battalion_A,aviation,76.77
2025-06-22,Battalion_B,aviation,79.0
2025-06-22,Battalion_C,aviation,90.41
2025-06-22,Battalion_A,comms,78.92
2025-06-22,Battalion_B,comms,77.43
2025-06-22,Battalion_C,comms,78.54
2025-06-23,Battalion_A,wheeled,74.31
2025-06-23,Battalion_B,wheeled,71.68
2025-06-23,Battalion_C,wheeled,80.33
2025-06-23,Battalion_A,tracked,80.76
2025-06-23,Battalion_B,tracked,69.27
2025-06-23,Battalion_C,tracked,81.7
2025-06-23,Battalion_A,aviation,63.86
2025-06-23,Battalion_B,aviation,77.56
2025-06-23,Battalion_C,aviation,84.77
2025-06-23,Battalion_A,comms,75.95
2025-06-23,Battalion_B,comms,73.79
2025-06-23,Battalion_C,comms,80.81
2025-06-24,Battalion_A,wheeled,77.67
2025-06-24,Battalion_B,wheeled,77.39
2025-06-24,Battalion_C,wheeled,79.36
2025-06-24,Battalion_A,tracked,74.81
2025-06-24,Battalion_B,tracked,69.48
2025-06-24,Battalion_C,tracked,76.32
2025-06-24,Battalion_A,aviation,78.72
2025-06-24,Battalion_B,aviation,68.74
2025-06-24,Battalion_C,aviation,81.74
2025-06-24,Battalion_A,comms,77.85
2025-06-24,Battalion_B,comms,73.73
2025-06-24,Battalion_C,comms,79.85
2025-06-25,Battalion_A,wheeled,76.66
2025-06-25,Battalion_B,wheeled,82.15
2025-06-25,Battalion_C,wheeled,78.4
2025-06-25,Battalion_A,tracked,79.66
2025-06-25,Battalion_B,tracked,78.86
2025-06-25,Battalion_C,tracked,76.88
2025-06-25,Battalion_A,aviation,59.23
2025-06-25,Battalion_B,aviation,48.04
2025-06-25,Battalion_C,aviation,74.31
2025-06-25,Battalion_A,comms,77.46
2025-06-25,Battalion_B,comms,80.99
2025-06-25,Battalion_C,comms,79.04
2025-06-26,Battalion_A,wheeled,74.52
2025-06-26,Battalion_B,wheeled,64.89
2025-06-26,Battalion_C,wheeled,78.41
2025-06-26,Battalion_A,tracked,76.04
2025-06-26,Battalion_B,tracked,76.45
2025-06-26,Battalion_C,tracked,79.67
2025-06-26,Battalion_A,aviation,92.14
2025-06-26,Battalion_B,aviation,91.03
2025-06-26,Battalion_C,aviation,76.89
2025-06-26,Battalion_A,comms,76.91
2025-06-26,Battalion_B,comms,69.91
2025-06-26,Battalion_C,comms,80.2
2025-06-27,Battalion_A,wheeled,78.41
2025-06-27,Battalion_B,wheeled,76.95
2025-06-27,Battalion_C,wheeled,80.26
2025-06-27,Battalion_A,tracked,80.08
2025-06-27,Battalion_B,tracked,79.04
2025-06-27,Battalion_C,tracked,77.21
2025-06-27,Battalion_A,aviation,77.16
2025-06-27,Battalion_B,aviation,91.35
2025-06-27,Battalion_C,aviation,75.66
2025-06-27,Battalion_A,comms,76.49
2025-06-27,Battalion_B,comms,75.48
2025-06-27,Battalion_C,comms,78.32
2025-06-28,Battalion_A,wheeled,75.05
2025-06-28,Battalion_B,wheeled,66.51
2025-06-28,Battalion_C,wheeled,77.56
2025-06-28,Battalion_A,tracked,79.63
2025-06-28,Battalion_B,tracked,82.7
2025-06-28,Battalion_C,tracked,78.11
2025-06-28,Battalion_A,aviation,75.88
2025-06-28,Battalion_B,aviation,96.48
2025-06-28,Battalion_C,aviation,90.75
2025-06-28,Battalion_A,comms,76.66
2025-06-28,Battalion_B,comms,77.24
2025-06-28,Battalion_C,comms,80.41
2025-06-29,Battalion_A,wheeled,75.21
2025-06-29,Battalion_B,wheeled,69.79
2025-06-29,Battalion_C,wheeled,76.33
2025-06-29,Battalion_A,tracked,75.95
2025-06-29,Battalion_B,tracked,71.56
2025-06-29,Battalion_C,tracked,76.92
2025-06-29,Battalion_A,aviation,71.43
2025-06-29,Battalion_B,aviation,95.41
2025-06-29,Battalion_C,aviation,81.48
2025-06-29,Battalion_A,comms,75.62
2025-06-29,Battalion_B,comms,73.07
2025-06-29,Battalion_C,comms,79.44
2025-06-30,Battalion_A,wheeled,77.18
2025-06-30,Battalion_B,wheeled,75.06
2025-06-30,Battalion_C,wheeled,80.09
2025-06-30,Battalion_A,tracked,72.74
2025-06-30,Battalion_B,tracked,71.09
2025-06-30,Battalion_C,tracked,80.88
2025-06-30,Battalion_A,aviation,95.24
2025-06-30,Battalion_B,aviation,77.36
2025-06-30,Battalion_C,aviation,87.15
2025-06-30,Battalion_A,comms,76.63
2025-06-30,Battalion_B,comms,78.97
2025-06-30,Battalion_C,comms,78.63
2025-07-01,Battalion_A,wheeled,76.84
2025-07-01,Battalion_B,wheeled,78.49
2025-07-01,Battalion_C,wheeled,80.45
2025-07-01,Battalion_A,tracked,77.34
2025-07-01,Battalion_B,tracked,68.19
2025-07-01,Battalion_C,tracked,80.2
2025-07-01,Battalion_A,aviation,73.46
2025-07-01,Battalion_B,aviation,82.33
2025-07-01,Battalion_C,aviation,77.87
2025-07-01,Battalion_A,comms,75.74
2025-07-01,Battalion_B,comms,72.89
2025-07-01,Battalion_C,comms,79.33
2025-07-02,Battalion_A,wheeled,75.96
2025-07-02,Battalion_B,wheeled,76.74
2025-07-02,Battalion_C,wheeled,78.89
2025-07-02,Battalion_A,tracked,71.81
2025-07-02,Battalion_B,tracked,78.36
2025-07-02,Battalion_C,tracked,74.93
2025-07-02,Battalion_A,aviation,74.42
2025-07-02,Battalion_B,aviation,100.0
2025-07-02,Battalion_C,aviation,81.47
2025-07-02,Battalion_A,comms,75.83
2025-07-02,Battalion_B,comms,76.44
2025-07-02,Battalion_C,comms,77.73
2025-07-03,Battalion_A,wheeled,76.61
2025-07-03,Battalion_B,wheeled,81.9
2025-07-03,Battalion_C,wheeled,77.28
2025-07-03,Battalion_A,tracked,75.97
2025-07-03,Battalion_B,tracked,72.11
2025-07-03,Battalion_C,tracked,77.33
2025-07-03,Battalion_A,aviation,79.85
2025-07-03,Battalion_B,aviation,75.78
2025-07-03,Battalion_C,aviation,73.45
2025-07-03,Battalion_A,comms,77.1
2025-07-03,Battalion_B,comms,77.38
2025-07-03,Battalion_C,comms,79.17
2025-07-04,Battalion_A,wheeled,76.66
2025-07-04,Battalion_B,wheeled,67.13
2025-07-04,Battalion_C,wheeled,78.55
2025-07-04,Battalion_A,tracked,78.78
2025-07-04,Battalion_B,tracked,69.29
2025-07-04,Battalion_C,tracked,78.52
2025-07-04,Battalion_A,aviation,71.95
2025-07-04,Battalion_B,aviation,100.0
2025-07-04,Battalion_C,aviation,87.36
2025-07-04,Battalion_A,comms,77.34
2025-07-04,Battalion_B,comms,75.86
2025-07-04,Battalion_C,comms,77.13
2025-07-05,Battalion_A,wheeled,80.13
2025-07-05,Battalion_B,wheeled,64.76
2025-07-05,Battalion_C,wheeled,81.65
2025-07-05,Battalion_A,tracked,78.89
2025-07-05,Battalion_B,tracked,81.35
2025-07-05,Battalion_C,tracked,79.62
2025-07-05,Battalion_A,aviation,82.86
2025-07-05,Battalion_B,aviation,100.0
2025-07-05,Battalion_C,aviation,84.56
2025-07-05,Battalion_A,comms,74.83
2025-07-05,Battalion_B,comms,79.62
2025-07-05,Battalion_C,comms,80.18
2025-07-06,Battalion_A,wheeled,77.47
2025-07-06,Battalion_B,wheeled,83.59
2025-07-06,Battalion_C,wheeled,75.31
2025-07-06,Battalion_A,tracked,78.88
2025-07-06,Battalion_B,tracked,81.79
2025-07-06,Battalion_C,tracked,78.95
2025-07-06,Battalion_A,aviation,78.72
2025-07-06,Battalion_B,aviation,50.94
2025-07-06,Battalion_C,aviation,87.37
2025-07-06,Battalion_A,comms,77.25
2025-07-06,Battalion_B,comms,73.65
2025-07-06,Battalion_C,comms,77.19
2025-07-07,Battalion_A,wheeled,76.24
2025-07-07,Battalion_B,wheeled,81.31
2025-07-07,Battalion_C,wheeled,82.89
2025-07-07,Battalion_A,tracked,79.03
2025-07-07,Battalion_B,tracked,70.26
2025-07-07,Battalion_C,tracked,78.09
2025-07-07,Battalion_A,aviation,74.05
2025-07-07,Battalion_B,aviation,64.82
2025-07-07,Battalion_C,aviation,90.49
2025-07-07,Battalion_A,comms,75.54
2025-07-07,Battalion_B,comms,75.37
2025-07-07,Battalion_C,comms,79.06
2025-07-08,Battalion_A,wheeled,76.34
2025-07-08,Battalion_B,wheeled,71.72
2025-07-08,Battalion_C,wheeled,79.11
2025-07-08,Battalion_A,tracked,79.27
2025-07-08,Battalion_B,tracked,83.06
2025-07-08,Battalion_C,tracked,81.33
2025-07-08,Battalion_A,aviation,79.87
2025-07-08,Battalion_B,aviation,75.33
2025-07-08,Battalion_C,aviation,80.21
2025-07-08,Battalion_A,comms,75.86
2025-07-08,Battalion_B,comms,72.03
2025-07-08,Battalion_C,comms,77.49
2025-07-09,Battalion_A,wheeled,78.56
2025-07-09,Battalion_B,wheeled,76.56
2025-07-09,Battalion_C,wheeled,80.62
2025-07-09,Battalion_A,tracked,79.46
2025-07-09,Battalion_B,tracked,94.31
2025-07-09,Battalion_C,tracked,74.7
2025-07-09,Battalion_A,aviation,75.59
2025-07-09,Battalion_B,aviation,70.03
2025-07-09,Battalion_C,aviation,70.64
2025-07-09,Battalion_A,comms,75.73
2025-07-09,Battalion_B,comms,75.5
2025-07-09,Battalion_C,comms,77.53
2025-07-10,Battalion_A,wheeled,78.23
2025-07-10,Battalion_B,wheeled,89.06
2025-07-10,Battalion_C,wheeled,79.06
2025-07-10,Battalion_A,tracked,73.53
2025-07-10,Battalion_B,tracked,77.3
2025-07-10,Battalion_C,tracked,75.73
2025-07-10,Battalion_A,aviation,81.9
2025-07-10,Battalion_B,aviation,100.0
2025-07-10,Battalion_C,aviation,75.55
2025-07-10,Battalion_A,comms,78.24
2025-07-10,Battalion_B,comms,78.48
2025-07-10,Battalion_C,comms,77.23
2025-07-11,Battalion_A,wheeled,76.11
2025-07-11,Battalion_B,wheeled,76.6
2025-07-11,Battalion_C,wheeled,77.8
2025-07-11,Battalion_A,tracked,76.12
2025-07-11,Battalion_B,tracked,77.24
2025-07-11,Battalion_C,tracked,80.36
2025-07-11,Battalion_A,aviation,76.95
2025-07-11,Battalion_B,aviation,59.05
2025-07-11,Battalion_C,aviation,86.91
2025-07-11,Battalion_A,comms,74.76
2025-07-11,Battalion_B,comms,73.67
2025-07-11,Battalion_C,comms,78.04
2025-07-12,Battalion_A,wheeled,78.64
2025-07-12,Battalion_B,wheeled,78.46
2025-07-12,Battalion_C,wheeled,78.04
2025-07-12,Battalion_A,tracked,80.08
2025-07-12,Battalion_B,tracked,83.91
2025-07-12,Battalion_C,tracked,78.22
2025-07-12,Battalion_A,aviation,73.98
2025-07-12,Battalion_B,aviation,83.83
2025-07-12,Battalion_C,aviation,93.86
2025-07-12,Battalion_A,comms,78.05
2025-07-12,Battalion_B,comms,75.45
2025-07-12,Battalion_C,comms,77.11
2025-07-13,Battalion_A,wheeled,77.21
2025-07-13,Battalion_B,wheeled,67.79
2025-07-13,Battalion_C,wheeled,76.25
2025-07-13,Battalion_A,tracked,77.14
2025-07-13,Battalion_B,tracked,67.75
2025-07-13,Battalion_C,tracked,77.73
2025-07-13,Battalion_A,aviation,67.29
2025-07-13,Battalion_B,aviation,66.24
2025-07-13,Battalion_C,aviation,73.13
2025-07-13,Battalion_A,comms,79.67
2025-07-13,Battalion_B,comms,78.51
2025-07-13,Battalion_C,comms,79.34
2025-07-14,Battalion_A,wheeled,81.26
2025-07-14,Battalion_B,wheeled,78.86
2025-07-14,Battalion_C,wheeled,80.93
2025-07-14,Battalion_A,tracked,81.49
2025-07-14,Battalion_B,tracked,77.14
2025-07-14,Battalion_C,tracked,80.89
2025-07-14,Battalion_A,aviation,86.25
2025-07-14,Battalion_B,aviation,90.13
2025-07-14,Battalion_C,aviation,84.19
2025-07-14,Battalion_A,comms,75.9
2025-07-14,Battalion_B,comms,69.25
2025-07-14,Battalion_C,comms,77.77
2025-07-15,Battalion_A,wheeled,77.76
2025-07-15,Battalion_B,wheeled,79.77
2025-07-15,Battalion_C,wheeled,77.51
2025-07-15,Battalion_A,tracked,77.24
2025-07-15,Battalion_B,tracked,78.87
2025-07-15,Battalion_C,tracked,77.39
2025-07-15,Battalion_A,aviation,61.05
2025-07-15,Battalion_B,aviation,77.27
2025-07-15,Battalion_C,aviation,90.71
2025-07-15,Battalion_A,comms,79.13
2025-07-15,Battalion_B,comms,79.45
2025-07-15,Battalion_C,comms,78.83
2025-07-16,Battalion_A,wheeled,79.79
2025-07-16,Battalion_B,wheeled,73.04
2025-07-16,Battalion_C,wheeled,75.95
2025-07-16,Battalion_A,tracked,80.75
2025-07-16,Battalion_B,tracked,77.19
2025-07-16,Battalion_C,tracked,76.33
2025-07-16,Battalion_A,aviation,80.83
2025-07-16,Battalion_B,aviation,76.93
2025-07-16,Battalion_C,aviation,71.69
2025-07-16,Battalion_A,comms,81.27
2025-07-16,Battalion_B,comms,76.64
2025-07-16,Battalion_C,comms,77.92
2025-07-17,Battalion_A,wheeled,77.53
2025-07-17,Battalion_B,wheeled,68.92
2025-07-17,Battalion_C,wheeled,78.96
2025-07-17,Battalion_A,tracked,80.75
2025-07-17,Battalion_B,tracked,75.07
2025-07-17,Battalion_C,tracked,81.56
2025-07-17,Battalion_A,aviation,83.66
2025-07-17,Battalion_B,aviation,100.0
2025-07-17,Battalion_C,aviation,74.8
2025-07-17,Battalion_A,comms,78.27
2025-07-17,Battalion_B,comms,72.73
2025-07-17,Battalion_C,comms,76.98
2025-07-18,Battalion_A,wheeled,75.1
2025-07-18,Battalion_B,wheeled,76.9
2025-07-18,Battalion_C,wheeled,78.92
2025-07-18,Battalion_A,tracked,76.94
2025-07-18,Battalion_B,tracked,77.68
2025-07-18,Battalion_C,tracked,80.32
2025-07-18,Battalion_A,aviation,75.5
2025-07-18,Battalion_B,aviation,85.01
2025-07-18,Battalion_C,aviation,86.68
2025-07-18,Battalion_A,comms,77.94
2025-07-18,Battalion_B,comms,73.04
2025-07-18,Battalion_C,comms,79.07
2025-07-19,Battalion_A,wheeled,79.77
2025-07-19,Battalion_B,wheeled,74.76
2025-07-19,Battalion_C,wheeled,75.65
2025-07-19,Battalion_A,tracked,81.07
2025-07-19,Battalion_B,tracked,65.89
2025-07-19,Battalion_C,tracked,79.7
2025-07-19,Battalion_A,aviation,70.0
2025-07-19,Battalion_B,aviation,58.79
2025-07-19,Battalion_C,aviation,81.06
2025-07-19,Battalion_A,comms,80.49
2025-07-19,Battalion_B,comms,77.57
2025-07-19,Battalion_C,comms,77.49
2025-07-20,Battalion_A,wheeled,80.16
2025-07-20,Battalion_B,wheeled,73.7
2025-07-20,Battalion_C,wheeled,75.4
2025-07-20,Battalion_A,tracked,80.47
2025-07-20,Battalion_B,tracked,83.36
2025-07-20,Battalion_C,tracked,77.61
2025-07-20,Battalion_A,aviation,52.84
2025-07-20,Battalion_B,aviation,68.0
2025-07-20,Battalion_C,aviation,75.81
2025-07-20,Battalion_A,comms,79.24
2025-07-20,Battalion_B,comms,76.3
2025-07-20,Battalion_C,comms,80.88
2025-07-21,Battalion_A,wheeled,81.77
2025-07-21,Battalion_B,wheeled,76.26
2025-07-21,Battalion_C,wheeled,77.35
2025-07-21,Battalion_A,tracked,76.22
2025-07-21,Battalion_B,tracked,67.48
2025-07-21,Battalion_C,tracked,76.89
2025-07-21,Battalion_A,aviation,82.23
2025-07-21,Battalion_B,aviation,69.8
2025-07-21,Battalion_C,aviation,85.23
2025-07-21,Battalion_A,comms,78.42
2025-07-21,Battalion_B,comms,77.31
2025-07-21,Battalion_C,comms,79.04
2025-07-22,Battalion_A,wheeled,76.86
2025-07-22,Battalion_B,wheeled,73.2
2025-07-22,Battalion_C,wheeled,78.24
2025-07-22,Battalion_A,tracked,77.11
2025-07-22,Battalion_B,tracked,63.7
2025-07-22,Battalion_C,tracked,81.21
2025-07-22,Battalion_A,aviation,76.86
2025-07-22,Battalion_B,aviation,43.08
2025-07-22,Battalion_C,aviation,79.23
2025-07-22,Battalion_A,comms,77.24
2025-07-22,Battalion_B,comms,77.63
2025-07-22,Battalion_C,comms,75.87
2025-07-23,Battalion_A,wheeled,74.3
2025-07-23,Battalion_B,wheeled,69.97
2025-07-23,Battalion_C,wheeled,76.49
2025-07-23,Battalion_A,tracked,76.98
2025-07-23,Battalion_B,tracked,74.01
2025-07-23,Battalion_C,tracked,74.63
2025-07-23,Battalion_A,aviation,80.56
2025-07-23,Battalion_B,aviation,78.21
2025-07-23,Battalion_C,aviation,78.85
2025-07-23,Battalion_A,comms,76.8
2025-07-23,Battalion_B,comms,76.59
2025-07-23,Battalion_C,comms,76.47
2025-07-24,Battalion_A,wheeled,80.94
2025-07-24,Battalion_B,wheeled,67.55
2025-07-24,Battalion_C,wheeled,78.28
2025-07-24,Battalion_A,tracked,81.81
2025-07-24,Battalion_B,tracked,74.24
2025-07-24,Battalion_C,tracked,77.63
2025-07-24,Battalion_A,aviation,79.56
2025-07-24,Battalion_B,aviation,55.65
2025-07-24,Battalion_C,aviation,77.07
2025-07-24,Battalion_A,comms,78.62
2025-07-24,Battalion_B,comms,72.93
2025-07-24,Battalion_C,comms,77.65
2025-07-25,Battalion_A,wheeled,76.84
2025-07-25,Battalion_B,wheeled,74.95
2025-07-25,Battalion_C,wheeled,80.91
2025-07-25,Battalion_A,tracked,79.52
2025-07-25,Battalion_B,tracked,69.69
2025-07-25,Battalion_C,tracked,79.52
2025-07-25,Battalion_A,aviation,70.42
2025-07-25,Battalion_B,aviation,61.66
2025-07-25,Battalion_C,aviation,78.98
2025-07-25,Battalion_A,comms,79.48
2025-07-25,Battalion_B,comms,73.43
2025-07-25,Battalion_C,comms,78.32
2025-07-26,Battalion_A,wheeled,80.56
2025-07-26,Battalion_B,wheeled,78.23
2025-07-26,Battalion_C,wheeled,79.72
2025-07-26,Battalion_A,tracked,79.07
2025-07-26,Battalion_B,tracked,81.35
2025-07-26,Battalion_C,tracked,79.3
2025-07-26,Battalion_A,aviation,78.93
2025-07-26,Battalion_B,aviation,64.55
2025-07-26,Battalion_C,aviation,84.58
2025-07-26,Battalion_A,comms,79.74
2025-07-26,Battalion_B,comms,69.57
2025-07-26,Battalion_C,comms,77.97
2025-07-27,Battalion_A,wheeled,79.26
2025-07-27,Battalion_B,wheeled,81.52
2025-07-27,Battalion_C,wheeled,77.64
2025-07-27,Battalion_A,tracked,76.47
2025-07-27,Battalion_B,tracked,84.75
2025-07-27,Battalion_C,tracked,79.66
2025-07-27,Battalion_A,aviation,70.26
2025-07-27,Battalion_B,aviation,100.0
2025-07-27,Battalion_C,aviation,87.87
2025-07-27,Battalion_A,comms,79.54
2025-07-27,Battalion_B,comms,71.92
2025-07-27,Battalion_C,comms,78.41
2025-07-28,Battalion_A,wheeled,77.23
2025-07-28,Battalion_B,wheeled,81.06
2025-07-28,Battalion_C,wheeled,79.43
2025-07-28,Battalion_A,tracked,78.71
2025-07-28,Battalion_B,tracked,83.62
2025-07-28,Battalion_C,tracked,77.47
2025-07-28,Battalion_A,aviation,87.01
2025-07-28,Battalion_B,aviation,73.66
2025-07-28,Battalion_C,aviation,79.22
2025-07-28,Battalion_A,comms,78.75
2025-07-28,Battalion_B,comms,76.04
2025-07-28,Battalion_C,comms,76.83
2025-07-29,Battalion_A,wheeled,76.06
2025-07-29,Battalion_B,wheeled,81.0
2025-07-29,Battalion_C,wheeled,78.3
2025-07-29,Battalion_A,tracked,77.45
2025-07-29,Battalion_B,tracked,89.36
2025-07-29,Battalion_C,tracked,79.76
2025-07-29,Battalion_A,aviation,92.87
2025-07-29,Battalion_B,aviation,57.09
2025-07-29,Battalion_C,aviation,78.28
2025-07-29,Battalion_A,comms,78.2
2025-07-29,Battalion_B,comms,74.37
2025-07-29,Battalion_C,comms,77.03
2025-07-30,Battalion_A,wheeled,78.06
2025-07-30,Battalion_B,wheeled,75.33
2025-07-30,Battalion_C,wheeled,78.32
2025-07-30,Battalion_A,tracked,81.48
2025-07-30,Battalion_B,tracked,77.18
2025-07-30,Battalion_C,tracked,80.6
2025-07-30,Battalion_A,aviation,77.97
2025-07-30,Battalion_B,aviation,97.94
2025-07-30,Battalion_C,aviation,77.13
2025-07-30,Battalion_A,comms,77.65
2025-07-30,Battalion_B,comms,74.77
2025-07-30,Battalion_C,comms,77.41
2025-07-31,Battalion_A,wheeled,75.95
2025-07-31,Battalion_B,wheeled,71.32
2025-07-31,Battalion_C,wheeled,78.83
2025-07-31,Battalion_A,tracked,78.93
2025-07-31,Battalion_B,tracked,72.66
2025-07-31,Battalion_C,tracked,81.97
2025-07-31,Battalion_A,aviation,76.57
2025-07-31,Battalion_B,aviation,70.54
2025-07-31,Battalion_C,aviation,77.07
2025-07-31,Battalion_A,comms,78.35
2025-07-31,Battalion_B,comms,72.72
2025-07-31,Battalion_C,comms,78.43
2025-08-01,Battalion_A,wheeled,80.32
2025-08-01,Battalion_B,wheeled,69.11
2025-08-01,Battalion_C,wheeled,77.89
2025-08-01,Battalion_A,tracked,78.19
2025-08-01,Battalion_B,tracked,81.09
2025-08-01,Battalion_C,tracked,74.95
2025-08-01,Battalion_A,aviation,79.48
2025-08-01,Battalion_B,aviation,94.44
2025-08-01,Battalion_C,aviation,81.25
2025-08-01,Battalion_A,comms,78.46
2025-08-01,Battalion_B,comms,71.99
2025-08-01,Battalion_C,comms,80.39
2025-08-02,Battalion_A,wheeled,77.34
2025-08-02,Battalion_B,wheeled,74.37
2025-08-02,Battalion_C,wheeled,75.39
2025-08-02,Battalion_A,tracked,78.59
2025-08-02,Battalion_B,tracked,76.17
2025-08-02,Battalion_C,tracked,77.37
2025-08-02,Battalion_A,aviation,78.76
2025-08-02,Battalion_B,aviation,99.55
2025-08-02,Battalion_C,aviation,73.59
2025-08-02,Battalion_A,comms,79.9
2025-08-02,Battalion_B,comms,76.91
2025-08-02,Battalion_C,comms,78.75
2025-08-03,Battalion_A,wheeled,76.97
2025-08-03,Battalion_B,wheeled,80.62
2025-08-03,Battalion_C,wheeled,78.05
2025-08-03,Battalion_A,tracked,85.53
2025-08-03,Battalion_B,tracked,63.58
2025-08-03,Battalion_C,tracked,77.54
2025-08-03,Battalion_A,aviation,67.08
2025-08-03,Battalion_B,aviation,45.81
2025-08-03,Battalion_C,aviation,88.92
2025-08-03,Battalion_A,comms,76.89
2025-08-03,Battalion_B,comms,79.69
2025-08-03,Battalion_C,comms,77.92
2025-08-04,Battalion_A,wheeled,78.47
2025-08-04,Battalion_B,wheeled,77.82
2025-08-04,Battalion_C,wheeled,79.88
2025-08-04,Battalion_A,tracked,76.48
2025-08-04,Battalion_B,tracked,80.22
2025-08-04,Battalion_C,tracked,78.83
2025-08-04,Battalion_A,aviation,89.37
2025-08-04,Battalion_B,aviation,68.25
2025-08-04,Battalion_C,aviation,73.49
2025-08-04,Battalion_A,comms,77.92
2025-08-04,Battalion_B,comms,75.13
2025-08-04,Battalion_C,comms,78.4
2025-08-05,Battalion_A,wheeled,83.04
2025-08-05,Battalion_B,wheeled,72.98
2025-08-05,Battalion_C,wheeled,76.32
2025-08-05,Battalion_A,tracked,81.47
2025-08-05,Battalion_B,tracked,75.92
2025-08-05,Battalion_C,tracked,78.83
2025-08-05,Battalion_A,aviation,64.86
2025-08-05,Battalion_B,aviation,65.78
2025-08-05,Battalion_C,aviation,81.98
2025-08-05,Battalion_A,comms,77.75
2025-08-05,Battalion_B,comms,73.73
2025-08-05,Battalion_C,comms,75.76
2025-08-06,Battalion_A,wheeled,83.13
2025-08-06,Battalion_B,wheeled,87.4
2025-08-06,Battalion_C,wheeled,78.59
2025-08-06,Battalion_A,tracked,78.56
2025-08-06,Battalion_B,tracked,87.73
2025-08-06,Battalion_C,tracked,75.21
2025-08-06,Battalion_A,aviation,74.57
2025-08-06,Battalion_B,aviation,98.27
2025-08-06,Battalion_C,aviation,81.29
2025-08-06,Battalion_A,comms,78.53
2025-08-06,Battalion_B,comms,71.82
2025-08-06,Battalion_C,comms,80.3
2025-08-07,Battalion_A,wheeled,78.33
2025-08-07,Battalion_B,wheeled,66.57
2025-08-07,Battalion_C,wheeled,78.97
2025-08-07,Battalion_A,tracked,77.05
2025-08-07,Battalion_B,tracked,69.26
2025-08-07,Battalion_C,tracked,78.89
2025-08-07,Battalion_A,aviation,94.32
2025-08-07,Battalion_B,aviation,57.87
2025-08-07,Battalion_C,aviation,83.3
2025-08-07,Battalion_A,comms,78.33
2025-08-07,Battalion_B,comms,75.32
2025-08-07,Battalion_C,comms,76.76
2025-08-08,Battalion_A,wheeled,80.21
2025-08-08,Battalion_B,wheeled,82.77
2025-08-08,Battalion_C,wheeled,76.23
2025-08-08,Battalion_A,tracked,77.58
2025-08-08,Battalion_B,tracked,70.87
2025-08-08,Battalion_C,tracked,76.69
2025-08-08,Battalion_A,aviation,80.22
2025-08-08,Battalion_B,aviation,100.0
2025-08-08,Battalion_C,aviation,69.69
2025-08-08,Battalion_A,comms,80.63
2025-08-08,Battalion_B,comms,70.62
2025-08-08,Battalion_C,comms,77.69
2025-08-09,Battalion_A,wheeled,76.4
2025-08-09,Battalion_B,wheeled,70.18
2025-08-09,Battalion_C,wheeled,74.65
2025-08-09,Battalion_A,tracked,82.38
2025-08-09,Battalion_B,tracked,71.61
2025-08-09,Battalion_C,tracked,77.47
2025-08-09,Battalion_A,aviation,79.61
2025-08-09,Battalion_B,aviation,79.8
2025-08-09,Battalion_C,aviation,77.53
2025-08-09,Battalion_A,comms,78.64
2025-08-09,Battalion_B,comms,74.52
2025-08-09,Battalion_C,comms,78.94
2025-08-10,Battalion_A,wheeled,78.66
2025-08-10,Battalion_B,wheeled,60.11
2025-08-10,Battalion_C,wheeled,77.41
2025-08-10,Battalion_A,tracked,78.02
2025-08-10,Battalion_B,tracked,91.33
2025-08-10,Battalion_C,tracked,74.15
2025-08-10,Battalion_A,aviation,85.17
2025-08-10,Battalion_B,aviation,57.8
2025-08-10,Battalion_C,aviation,73.36
2025-08-10,Battalion_A,comms,80.42
2025-08-10,Battalion_B,comms,75.08
2025-08-10,Battalion_C,comms,78.9
2025-08-11,Battalion_A,wheeled,82.13
2025-08-11,Battalion_B,wheeled,77.12
2025-08-11,Battalion_C,wheeled,76.08
2025-08-11,Battalion_A,tracked,80.46
2025-08-11,Battalion_B,tracked,67.13
2025-08-11,Battalion_C,tracked,74.69
2025-08-11,Battalion_A,aviation,70.87
2025-08-11,Battalion_B,aviation,61.43
2025-08-11,Battalion_C,aviation,87.34
2025-08-11,Battalion_A,comms,77.13
2025-08-11,Battalion_B,comms,70.92
2025-08-11,Battalion_C,comms,77.13
2025-08-12,Battalion_A,wheeled,79.3
2025-08-12,Battalion_B,wheeled,73.7
2025-08-12,Battalion_C,wheeled,79.73
2025-08-12,Battalion_A,tracked,78.95
2025-08-12,Battalion_B,tracked,66.93
2025-08-12,Battalion_C,tracked,79.8
2025-08-12,Battalion_A,aviation,70.02
2025-08-12,Battalion_B,aviation,66.45
2025-08-12,Battalion_C,aviation,75.58
2025-08-12,Battalion_A,comms,78.68
2025-08-12,Battalion_B,comms,74.03
2025-08-12,Battalion_C,comms,78.78
2025-08-13,Battalion_A,wheeled,77.81
2025-08-13,Battalion_B,wheeled,83.83
2025-08-13,Battalion_C,wheeled,75.25
2025-08-13,Battalion_A,tracked,79.7
2025-08-13,Battalion_B,tracked,73.41
2025-08-13,Battalion_C,tracked,76.74
2025-08-13,Battalion_A,aviation,74.66
2025-08-13,Battalion_B,aviation,73.82
2025-08-13,Battalion_C,aviation,81.51
2025-08-13,Battalion_A,comms,77.63
2025-08-13,Battalion_B,comms,74.69
2025-08-13,Battalion_C,comms,76.56
2025-08-14,Battalion_A,wheeled,79.96
2025-08-14,Battalion_B,wheeled,63.41
2025-08-14,Battalion_C,wheeled,76.9
2025-08-14,Battalion_A,tracked,77.84
2025-08-14,Battalion_B,tracked,69.14
2025-08-14,Battalion_C,tracked,78.67
2025-08-14,Battalion_A,aviation,83.73
2025-08-14,Battalion_B,aviation,99.1
2025-08-14,Battalion_C,aviation,76.01
2025-08-14,Battalion_A,comms,78.13
2025-08-14,Battalion_B,comms,72.27
2025-08-14,Battalion_C,comms,77.58
2025-08-15,Battalion_A,wheeled,77.6
2025-08-15,Battalion_B,wheeled,64.82
2025-08-15,Battalion_C,wheeled,78.15
2025-08-15,Battalion_A,tracked,75.35
2025-08-15,Battalion_B,tracked,77.2
2025-08-15,Battalion_C,tracked,78.09
2025-08-15,Battalion_A,aviation,71.94
2025-08-15,Battalion_B,aviation,80.94
2025-08-15,Battalion_C,aviation,69.44
2025-08-15,Battalion_A,comms,78.94
2025-08-15,Battalion_B,comms,76.15
2025-08-15,Battalion_C,comms,75.49
2025-08-16,Battalion_A,wheeled,81.05
2025-08-16,Battalion_B,wheeled,73.49
2025-08-16,Battalion_C,wheeled,74.7
2025-08-16,Battalion_A,tracked,82.11
2025-08-16,Battalion_B,tracked,81.87
2025-08-16,Battalion_C,tracked,75.51
2025-08-16,Battalion_A,aviation,76.74
2025-08-16,Battalion_B,aviation,65.39
2025-08-16,Battalion_C,aviation,80.61
2025-08-16,Battalion_A,comms,78.51
2025-08-16,Battalion_B,comms,74.08
2025-08-16,Battalion_C,comms,75.68
2025-08-17,Battalion_A,wheeled,77.99
2025-08-17,Battalion_B,wheeled,82.96
2025-08-17,Battalion_C,wheeled,74.52
2025-08-17,Battalion_A,tracked,80.41
2025-08-17,Battalion_B,tracked,77.45
2025-08-17,Battalion_C,tracked,78.07
2025-08-17,Battalion_A,aviation,82.5
2025-08-17,Battalion_B,aviation,100.0
2025-08-17,Battalion_C,aviation,77.0
2025-08-17,Battalion_A,comms,80.9
2025-08-17,Battalion_B,comms,77.89
2025-08-17,Battalion_C,comms,75.69
2025-08-18,Battalion_A,wheeled,83.42
2025-08-18,Battalion_B,wheeled,75.37
2025-08-18,Battalion_C,wheeled,77.35
2025-08-18,Battalion_A,tracked,82.61
2025-08-18,Battalion_B,tracked,68.65
2025-08-18,Battalion_C,tracked,77.53
2025-08-18,Battalion_A,aviation,88.8
2025-08-18,Battalion_B,aviation,87.96
2025-08-18,Battalion_C,aviation,77.48
2025-08-18,Battalion_A,comms,81.17
2025-08-18,Battalion_B,comms,71.5
2025-08-18,Battalion_C,comms,75.83
2025-08-19,Battalion_A,wheeled,79.62
2025-08-19,Battalion_B,wheeled,73.59
2025-08-19,Battalion_C,wheeled,78.85
2025-08-19,Battalion_A,tracked,82.25
2025-08-19,Battalion_B,tracked,86.93
2025-08-19,Battalion_C,tracked,78.24
2025-08-19,Battalion_A,aviation,71.72
2025-08-19,Battalion_B,aviation,41.91
2025-08-19,Battalion_C,aviation,71.72
2025-08-19,Battalion_A,comms,82.55
2025-08-19,Battalion_B,comms,78.71
2025-08-19,Battalion_C,comms,77.59
2025-08-20,Battalion_A,wheeled,80.67
2025-08-20,Battalion_B,wheeled,81.72
2025-08-20,Battalion_C,wheeled,74.74
2025-08-20,Battalion_A,tracked,76.91
2025-08-20,Battalion_B,tracked,65.9
2025-08-20,Battalion_C,tracked,74.61
2025-08-20,Battalion_A,aviation,83.26
2025-08-20,Battalion_B,aviation,94.79
2025-08-20,Battalion_C,aviation,60.8
2025-08-20,Battalion_A,comms,77.72
2025-08-20,Battalion_B,comms,77.64
2025-08-20,Battalion_C,comms,77.78
2025-08-21,Battalion_A,wheeled,78.09
2025-08-21,Battalion_B,wheeled,78.59
2025-08-21,Battalion_C,wheeled,78.98
2025-08-21,Battalion_A,tracked,80.5
2025-08-21,Battalion_B,tracked,70.06
2025-08-21,Battalion_C,tracked,76.41
2025-08-21,Battalion_A,aviation,87.59
2025-08-21,Battalion_B,aviation,98.05
2025-08-21,Battalion_C,aviation,75.56
2025-08-21,Battalion_A,comms,81.23
2025-08-21,Battalion_B,comms,69.28
2025-08-21,Battalion_C,comms,76.7
2025-08-22,Battalion_A,wheeled,78.72
2025-08-22,Battalion_B,wheeled,73.44
2025-08-22,Battalion_C,wheeled,76.67
2025-08-22,Battalion_A,tracked,75.97
2025-08-22,Battalion_B,tracked,82.16
2025-08-22,Battalion_C,tracked,76.8
2025-08-22,Battalion_A,aviation,72.45
2025-08-22,Battalion_B,aviation,31.8
2025-08-22,Battalion_C,aviation,83.59
2025-08-22,Battalion_A,comms,79.35
2025-08-22,Battalion_B,comms,72.46
2025-08-22,Battalion_C,comms,76.2
2025-08-23,Battalion_A,wheeled,73.07
2025-08-23,Battalion_B,wheeled,72.41
2025-08-23,Battalion_C,wheeled,76.36
2025-08-23,Battalion_A,tracked,80.55
2025-08-23,Battalion_B,tracked,68.01
2025-08-23,Battalion_C,tracked,75.84
2025-08-23,Battalion_A,aviation,73.2
2025-08-23,Battalion_B,aviation,57.83
2025-08-23,Battalion_C,aviation,81.68
2025-08-23,Battalion_A,comms,81.36
2025-08-23,Battalion_B,comms,72.31
2025-08-23,Battalion_C,comms,72.96
2025-08-24,Battalion_A,wheeled,79.98
2025-08-24,Battalion_B,wheeled,75.01
2025-08-24,Battalion_C,wheeled,76.27
2025-08-24,Battalion_A,tracked,78.65
2025-08-24,Battalion_B,tracked,81.48
2025-08-24,Battalion_C,tracked,73.31
2025-08-24,Battalion_A,aviation,87.81
2025-08-24,Battalion_B,aviation,74.87
2025-08-24,Battalion_C,aviation,71.82
2025-08-24,Battalion_A,comms,81.21
2025-08-24,Battalion_B,comms,74.63
2025-08-24,Battalion_C,comms,76.8
2025-08-25,Battalion_A,wheeled,80.08
2025-08-25,Battalion_B,wheeled,78.88
2025-08-25,Battalion_C,wheeled,77.37
2025-08-25,Battalion_A,tracked,77.51
2025-08-25,Battalion_B,tracked,69.47
2025-08-25,Battalion_C,tracked,76.85
2025-08-25,Battalion_A,aviation,91.75
2025-08-25,Battalion_B,aviation,76.17
2025-08-25,Battalion_C,aviation,69.97
2025-08-25,Battalion_A,comms,81.61
2025-08-25,Battalion_B,comms,74.32
2025-08-25,Battalion_C,comms,76.7
2025-08-26,Battalion_A,wheeled,80.44
2025-08-26,Battalion_B,wheeled,79.0
2025-08-26,Battalion_C,wheeled,75.35
2025-08-26,Battalion_A,tracked,82.81
2025-08-26,Battalion_B,tracked,84.65
2025-08-26,Battalion_C,tracked,74.67
2025-08-26,Battalion_A,aviation,74.04
2025-08-26,Battalion_B,aviation,56.83
2025-08-26,Battalion_C,aviation,65.14
2025-08-26,Battalion_A,comms,77.36
2025-08-26,Battalion_B,comms,71.7
2025-08-26,Battalion_C,comms,76.6
2025-08-27,Battalion_A,wheeled,80.11
2025-08-27,Battalion_B,wheeled,69.95
2025-08-27,Battalion_C,wheeled,76.71
2025-08-27,Battalion_A,tracked,74.93
2025-08-27,Battalion_B,tracked,71.94
2025-08-27,Battalion_C,tracked,80.71
2025-08-27,Battalion_A,aviation,75.71
2025-08-27,Battalion_B,aviation,97.71
2025-08-27,Battalion_C,aviation,80.04
2025-08-27,Battalion_A,comms,81.87
2025-08-27,Battalion_B,comms,77.4
2025-08-27,Battalion_C,comms,73.9
